ANTIVIRA_IDX,ANTIVIRA,ANTIVIRA_REP,ANTIVIRA_REPBY,default,times
1,nan,,,nan,859606
2,OSELTAMIVIR,,,,79380
3,AMANTADINA,,,,3477
4,RIMNTADINA,,,,327
5,ZAVAMIVIR,,,,260
6,LOPINAVIRRITONAVIR,,,,216
7,RIBAVIRINA,,,,205
8,ACICLOVIR,,,,156
9,AZITROMICINA,,,,146
10,RITONAVIR,,,,103
11,IVERMECTINA,,,,80
12,PARACETAMOL,,,,64
13,LOPINAVIR,,,,63
14,KALETRA,,,,59
15,LORATADINA,,,,55
16,LOPINAVIR RITONAVIR,,,,47
17,LOPINAVIR  RITONAVIR,,,,33
18,VIRAZIDE,,,,30
19,RITONAVIRLOPINAVIR,,,,28
20,LOPINAVIR-RITONAVIR,,,,24
21,LOPINAVIR ROTINAVIR,,,,20
22,SE IGNORA,,,,19
23,CLOROQUINA,,,,17
24,LOPINAVIR Y RITONAVIR,,,,17
25,"LOPINAVIR, RITONAVIR",,,,17
26,HIDROXICLOROQUINA,,,,16
27,RIVAVIRINA,,,,12
28,RITONAVIR  LOPINAVIR,,,,12
29,RIVABIRINA,,,,12
30,CEFALOSPORINA,,,,11
31,CEFTRIAXONA,,,,10
32,LOPINAVIR/RITONAVIR,,,,10
33,NO ESPECIFICA,,,,9
34,OTRO,,,,8
35,RITONAVIR-LOPINAVIR,,,,8
36,LOPINAVIR RITONAVIR   RIBAVIRINA,,,,8
37,DESCONOCE,,,,7
38,ACITROMICINA,,,,7
39,LOPANIVIR,,,,6
40,LEVOFLOXACINO,,,,5
41,VALACICLOVIR,,,,5
42,NO RECUERDA,,,,5
43,AMOXICILINA,,,,5
44,DARUNAVIRCOBICISTAT,,,,5
45,CLORFENAMINA,,,,4
46,X,,,,4
47,IOPINAVIRRITONAVIR,,,,4
48,ANTIFLUDES,,,,4
49,AMPICILINA,,,,4
50,NO,,,,4
51,CLARITROMICINA,,,,4
52,"PARACETAMOL, CEFTRIAXONA",,,,4
53,OSETALMIVIR Y LOPINAVIRRITONAVIR,,,,4
54,IVERMECTRINA,,,,4
55,SE DESCONOCE,,,,3
56,CEFALEXINA,,,,3
57,PRANOSINE,,,,3
58,RITONAVIR/LOPINAVIR,,,,3
59,GENTAMICINA,,,,3
60,1,,,,3
61,ERITROMICINA,,,,3
62,"LOPINAVIR RITONAVIR, RIBAVIRINA",,,,3
63,DEXAMETASONA,,,,3
64,VILONA,,,,3
65,IBERMECTINA,,,,3
66,ARIZTROMICINA,,,,3
67,CALETRA,,,,2
68,ABACAVIR,,,,2
69,VITERBI,,,,2
70,ISOPRINOSINE,,,,2
71,NEXT,,,,2
72,CLOROFENAMINA,,,,2
73,CLORFENAMINA COMPUESTA,,,,2
74,SELTAFERON,,,,2
75,XL3,,,,2
76,FENILEFRINA,,,,2
77,RITONAVIR LOPINAVIR,,,,2
78,LOPINOVIRRITONAVIR,,,,2
79,RITANOVIR,,,,2
80,AZTROMICINA,,,,2
81,LOPINAVIR / RITONAVIR,,,,2
82,ANTIFLUIDES,,,,2
83,LIPONAVIR RITONAVIR,,,,2
84,CIPROFLOXACINO,,,,2
85,TOZILIZUMAB,,,,2
86,CITROMICINA,,,,2
87,LOPINAVIRROTINAVIR,,,,2
88,METISOPRINOL,,,,2
89,LOPINAVIRRITONAVIR Y RIVABIRINA,,,,2
90,LOPENAVIR,,,,2
91,TOCILIZUMAB,,,,2
92,"LOPINAVIRRITONAVIR, RIVABIRINA",,,,2
93,LOPINAVIR ROTINAVIR   RIBAVIRINA,,,,2
94,"OSETALMIVIR, LOPINAVIRRITONAVIR Y RIVABIRINA",,,,2
95,AMANTADINA Y OSELTAMIVIR,,,,2
96,RITONAVIR Y LOPINAVIR,,,,2
97,GAVIROL,,,,2
98,"RIBAVIRINA, LOPINAVIRRITONAVIR",,,,2
99,ASPIRINA,,,,2
100,RESIMIVIR,,,,2
101,LESACLOR,,,,2
102,IVERMENTINA,,,,2
103,---,,,,2
104,RIBAVIRINAKALETRA,,,,2
105,IBUPROFENO,,,,2
106,TRATAMIENTO POR VIH EFAVIRENZ,,,,1
107,LOPINAVIR - RITONAVIR,,,,1
108,IZONATATO,,,,1
109,CELEBREX,,,,1
110,BICTEGRAVIR/EMTRICITABINA,,,,1
111,ZETAMIVIR,,,,1
112,METOSIPRINOL,,,,1
113,NEVIRAPINA MEZALACINA,,,,1
114,SIN,,,,1
115,EFAVIRENZ,,,,1
116,RETROVIRALES,,,,1
117,RITONAVIR / LOPINAVIR,,,,1
118,ANTIFLU-DES,,,,1
119,"PREZCOBIX, MOVITREM",,,,1
120,METISONPRINOL,,,,1
121,EXCEDRIN,,,,1
122,ANTIFLU B,,,,1
123,"LOPANAVIR, RITONAVIR",,,,1
124,LOPINAVIR/ RITONAVIR,,,,1
125,FLUMI,,,,1
126,LOPINAVIR/RITYONAVIR,,,,1
127,NO REFIERE,,,,1
128,BICTARVY,,,,1
129,AMINOEFEDRIZOL,,,,1
130,CEFALOSPONNA,,,,1
131,LEVOMEPROMACINALEVOFLOXACINO,,,,1
132,TMP-SMX,,,,1
133,ANCICLOVIR,,,,1
134,NO ESPECIFICAN,,,,1
135,LEVOCITIRIZINA,,,,1
136,HIDROXICLORIQUINA,,,,1
137,AMOXILINA 500MG TAB,,,,1
138,"CEFTRIAXONA, PARACETAMOL",,,,1
139,IOPINAVIR  RITONAVIR,,,,1
140,NO LO INDICA,,,,1
141,CLORANFETAMINA,,,,1
142,TRIMETROPINSULFAMETOXAZOL,,,,1
143,LORADATADINA,,,,1
144,PLAQUENIL,,,,1
145,RUBAVIRINA,,,,1
146,BREDALIN,,,,1
147,BITERVAL,,,,1
148,"LOPINAVIR, ITONAVIR",,,,1
149,TURIKZIN,,,,1
150,"HIDROXICLOROQUINA, AZITROMICINA",,,,1
151,"ITONAVIR, LOPINAVIR",,,,1
152,"BICTEGRAVIR, EMTRICITABINA, TENOFOVIR, ALAFENAMIDA",,,,1
153,CERTRIAXONA,,,,1
154,CLARITROMICINA. CEFTRIAXONA,,,,1
155,LOPINAVIR-ITONAVIR,,,,1
156,NIDROXIDOROQUINA,,,,1
157,LOPENAVIRRITONAVIR,,,,1
158,RITONAVIRTOVIR,,,,1
159,LIPONAVIR Y RITNOVIR,,,,1
160,HIDROXICLOROQINA,,,,1
161,RITONAVIR7LOPINAVIR,,,,1
162,LORARTADINA,,,,1
163,VIR/RITONAVIR,,,,1
164,NINGUNO,,,,1
165,LOPINAVIRRITNOAVIR,,,,1
166,ROSELL,,,,1
167,TRIMETROPIN C SULF,,,,1
168,PIPTAZO,,,,1
169,LINCOMICINA,,,,1
170,FRENADOL,,,,1
171,CLORIQUINA 150MG,,,,1
172,CESFTRIAXOL,,,,1
173,CLORIQUINA DE 150 MG Y PARACETAMOL DE 500MG,,,,1
174,CLORFENIRAMINA,,,,1
175,CEFALOSPIRINA,,,,1
176,RITANIVIR,,,,1
177,NO LO ESPECIFICA,,,,1
178,ZANAMIVIR,,,,1
179,LUPINAVIR Y RITONAVIR,,,,1
180,AZITROMICILINA,,,,1
181,PRANOSISE,,,,1
182,LINCONCIN,,,,1
183,NO RECUERDAESPECIFICA,,,,1
184,TRANSFERON UMCKALOABO,,,,1
185,3,,,,1
186,CLARITROMICINA SELTAFERON,,,,1
187,CIPROFOLINA,,,,1
188,RIABAVIRINA,,,,1
189,CLOFERAMINA COMPUESTA,,,,1
190,ATRIPLA,,,,1
191,"LOPINAVIR, RITONAVIR Y RIBAVIRINA",,,,1
192,LOIPINAVIRRITONAVIR,,,,1
193,RIBAVINNA,,,,1
194,VALEXTRA,,,,1
195,CLOPINAVIR RITONAVIR,,,,1
196,RAMDESIVIR,,,,1
197,IVESTERM,,,,1
198,"RITONAVIR , RITONAVIR",,,,1
199,"AZITROMICINA,LEVOFLOXACINO",,,,1
200,TAFIROL,,,,1
201,LAMIPIVIR,,,,1
202,CEFTRAXONA,,,,1
203,RITONAVIRLOPIBAVIR,,,,1
204,LIFONAVIR,,,,1
205,DARUNAVIR7TENOFOVIR,,,,1
206,LIPONAVIRRITONAVIR,,,,1
207,"PARACETAMOL, IBUPROFENO, NAPROXENO, METAMIZOL ZOSICO",,,,1
208,"PARACETAMOL, NAPROXENO,METAMIZOL SODICO",,,,1
209,IVERECTINA,,,,1
210,"CLOROQUINA, AZITROMINICINA",,,,1
211,LITONAVIR,,,,1
212,AMPICILINA Y AMIKACINA,,,,1
213,"LOPINAVIRRITONAVIR,RIVABIRINA",,,,1
214,"LOPINAVIRRITONAVIR, RIBAVIRINA",,,,1
215,TAMIFLU,,,,1
216,OTROS,,,,1
217,"KALETRA, RIBAVIRINA",,,,1
218,NO INDICA,,,,1
219,RIVABARINA,,,,1
220,IVERMETINA,,,,1
221,RIBAVICINA,,,,1
222,RIVABIRUNA,,,,1
223,LIPONAVIR,,,,1
224,ASICLOVIR,,,,1
225,IVERMICTINA,,,,1
226,CITROFLEX,,,,1
227,ROCEL,,,,1
228,CALETRA(LOPINAVIRRITANIVIR),,,,1
229,LOPPINAVIR RITONAVIR,,,,1
230,AMBROXOL,,,,1
231,GREMITAL CIPROL,,,,1
232,RIBAVIRINA Y LOPINAVIRRITONAVIR,,,,1
233,LOPINAVRI/RITONAVIR,,,,1
234,BALACICLOVIR,,,,1
235,GABIROL,,,,1
236,"CEFTRIAXONA, CLARITROMICINA, PARACETAMOL",,,,1
237,KALETRARIBAVIRINA,,,,1
238,LOPIRITO,,,,1
239,"PARACETAMOL, CLARITROMICINA",,,,1
240,"PARACETAMOL, AMOXICILINA",,,,1
241,LOPINAVIRLOPINAVIR,,,,1
242,AMOXICILINA Y DOXICILINA,,,,1
243,"PARACETAMOL,",,,,1
244,RIVAROXABAN,,,,1
245,IGNORA,,,,1
246,RIBAVARINA,,,,1
247,GOLTREC,,,,1
248,DANURAVIRCOBICISTAT,,,,1
249,"OSETLAMIVIR, LOPINAVIRRITONAVIR, RIVABIRINA",,,,1
250,LOPINAVIRRITONAVIR Y RIBABIRINA,,,,1
251,VERACIDE,,,,1
252,GARAMICINA,,,,1
253,NITAZUXANIDA,,,,1
254,LOPINAVIRRITONAVIR RIBAVIRINA,,,,1
255,IVERMECTINA Y VITAMINA D,,,,1
256,INVERTICINA,,,,1
257,AZITRAMIZINA,,,,1
258,OFELTAMIVIR,,,,1
259,-,,,,1
260,CLARITROMICINA E HIDROXICLOROQUINA,,,,1
261,"DEXTROMETORFANO, CLORFENAMINA",,,,1
262,TONAVIR,,,,1
263,.,,,,1
264,ROPANIVIR,,,,1
265,LOPEMIVIRRITONAVIR,,,,1
266,AZOTRIMICNA,,,,1
267,DEVOFLOXACINA,,,,1
268,TROMICINA Y INVERMECTINA,,,,1
269,IVERMECTIN,,,,1
270,RITANAVIRLOPINAVIR,,,,1
271,"LAMIVUDINA, RALTEGRAVIR, TENOFOVIR, LOPINAVIR/RITONAVIR",,,,1
272,"LOPINAVIRRITONAVIR, RIBOVARINA",,,,1
273,BICTENAVIRTENOFOVIR,,,,1
274,DEXAMETAZONA IBUPROFENO,,,,1
275,LIVERCIDINA AZIFROMICINA Y ASPIRINA PROTEC,,,,1
276,AZICLOVIR,,,,1
277,HIDROXICLORQUINA,,,,1
278,AZITROMICINA-NAPROXENO-PARACETAMOL,,,,1
279,CEFALEXINA-PARACETAMOL-IBUPROFENO-SALBUTAMOL,,,,1
280,"OSETALMIVIR, LOPINAVIRRITONAVIR",,,,1
281,IVERTMENTINA,,,,1
282,CIPROFLOXACINA,,,,1
283,IVERMERTINA,,,,1
284,AMOBAY-ACTRON,,,,1
285,AMIKACINA,,,,1
286,AZITROMICINA-GABIROL,,,,1
287,AMOXICILINA-BENZONATATO,,,,1
288,ACLOCIVIR,,,,1
289,AMOXICILINA-,,,,1
290,NO ESPECIFICADO,,,,1
291,RIBALVIRINA,,,,1
292,DIFENIDOL,,,,1
293,AZITRIMICINA,,,,1
294,HIDROCLOROQUINA,,,,1
295,"DEXAMETASONA,AMBROXOL,CEFTRIAXONA",,,,1
296,DELOTERAVI,,,,1
297,ANAFERON,,,,1
298,LOPINAVIRRITANIVIR,,,,1
299,LOPINAVIR RITANAVIR,,,,1
300,REDUXON,,,,1
301,NO SABE,,,,1
302,CLEVA,,,,1
303,EMOXAPORINA CLOROQUINA,,,,1
304,IVERMOCTINE,,,,1
305,LOPINAVIR  RITOVAVIR,,,,1
306,LIPONAVIR /RITONAVIR,,,,1
307,LIPONAVIR/RITONAVIR,,,,1
308,TEOFILINA,,,,1
309,GANCICLOVIR,,,,1
310,"LIPONAVIR,",,,,1
311,NAPROXENO,,,,1
312,AUTOMEDICADO SIN SINTOMAS,,,,1
313,DICLOFENACO,,,,1
314,LEVOFLAXAERNO,,,,1
315,BARICITINIB,,,,1
316,RITONAVORLIPINAVIR,,,,1
317,AZITRINICIDA,,,,1
318,AVES DE CORRAL,,,,1
319,VANCOMICINA,,,,1
320,LOPINAVIRRITONAVIRRIVABRINA,,,,1
321,DEXAMETAZONA,,,,1
322,LUERMECTINA,,,,1
323,LEP,,,,1
324,NO DICE,,,,1
325,PAEACETAMOL,,,,1
326,IVERMETRINA,,,,1
327,TRATAMIENTO VIH,,,,1
328,RIVAVRINA,,,,1
329,GAVIRAL,,,,1
330,"AZITROMICINA, IVERMECTINA, HIDROXICLOROQUINA",,,,1
331,AMICACINA,,,,1
332,ALINEN,,,,1
333,ACITLIVIR,,,,1
334,TROMICINA,,,,1
335,LOPINAVIRVILONA,,,,1
336,LLOPINAVIR,,,,1
337,ROTINAVIR,,,,1
338,LOPONAVIR,,,,1
339,RIVAROXIBON,,,,1
340,IVERMEXTINA,,,,1
341,CLORFERAMINA,,,,1
342,BICTEGRAVIR,,,,1
343,RIBARINA,,,,1
344,IVERNECTINA,,,,1
345,NITAZOXANIDA,,,,1
346,CLARITROMICINAKALETRA,,,,1
347,LORATADINA CLORFENAMINA COMPUESTA,,,,1
348,CEFALIXINA,,,,1
349,MONTELUCAS,,,,1
350,TEMPRA,,,,1
351,REYATAZ,,,,1
352,IBUPROFENO Y BENZONATOTATO,,,,1
353,PARACETAMIL,,,,1
354,PARACETAMOL Y CLORFENAMINA,,,,1
355,"RIBAVIRINA, LOPINAVIR, RITONAVIR",,,,1
356,PENICILINA,,,,1
357,LOPINAVIRRITONAVIRRIBAVIRINA,,,,1
358,"CEFALOSPIRINA,CLARITRONICINA",,,,1
359,"FENILEFRINA,CLORFENAMINA",,,,1
360,ACITRAMICINA,,,,1
361,LOPINAVIRRITENAVIR,,,,1
362,SALBUTAMOL,,,,1
363,CEPTRIAXONA,,,,1
364,"ACITROMICINA, IVERMECTINA, PARACETAMOL, IBUPROFENO, NAPROXENO",,,,1
365,DEBOFLOXACINA,,,,1
366,CLARICID OD,,,,1
367,EMACROZIT,,,,1
368,AMOXACILINA C ACIDO  CLAVULANICO,,,,1
369,IVERMECTIMA,,,,1
370,ARITOMICINA,,,,1
371,"PARACETAMOL, GLUTAMICIDA",,,,1
372,MACROZIT,,,,1
373,LOPINAVIR RITONAVIRRIBAVIRINA,,,,1
374,AMOXICILINA Y PARACETAMOL,,,,1
375,RAVIRINA,,,,1
376,VIRAZIDELOPINABIR RITONAVIR,,,,1
377,PRONOSINE,,,,1
378,EIBAVIRINA,,,,1
379,ACITOMICINA,,,,1
380,ANTISEPTICO,,,,1
381,RIBAVIRINA  LOPINAVIR_RITONAVIR,,,,1
382,"LORATADINA, ACITROMICINA",,,,1
383,RIBAVIRINALOPINAVIR_RITONAVIR,,,,1
384,LIPONAVIRRITONAVIR RIVAVARINA,,,,1
385,RIBAVIRINALOPINAVIR-RITONAVIR,,,,1
386,"LOPINAVIR , RITONAVIR",,,,1
387,AZITROICINA,,,,1
388,RIBAVIRINA LOPINAVIR-RITONAVIR,,,,1
389,AMOXICLINA,,,,1
390,AZITROMICNA,,,,1
391,BUSCAPINA,,,,1
392,RIBAVIRINA/LOPINAVIR,,,,1
393,AZITROMICINA IVERMECTINA DEXAMETASONA,,,,1
394,KETOROLACO,,,,1
395,MACROSIT,,,,1
396,AZITROMICINACEFACLOR,,,,1
397,AZITROMICINA IVERMECTINA DEXAMETASONA ENOXOPARINA CEFTRIAXONA,,,,1
398,JAKAVI,,,,1
399,METICORPEN,,,,1
400,AZITROMISINA,,,,1
401,IVECMERTINA,,,,1
402,NE,,,,1
403,ASITROMICINA,,,,1
404,VIRAZIDE LOPINAVIR-RITONAVIR,,,,1
405,VIRAZIDELOPINAVIR-RITONAVIR,,,,1
406,IDRASEC,,,,1
407,LOPINAVIR /RITONAVIR,,,,1
408,COLCHICINA,,,,1
409,"AZITROMICINA, ENOXOPARINA, DEXAMETASONA, CEFTRIAXONA",,,,1
410,AZITROMICINA DEXAMETASONA ENOXAPARINA,,,,1
411,RITONAVIRLIPONAVIR,,,,1
412,RIMANTADINA,,,,1
413,PARACETAMOL IBOPRUFENO,,,,1
414,DEYAMETAZONA,,,,1
415,KALETRA RIBAVIRINA,,,,1
416,HINFROSOL,,,,1
417,DESLORATADINA,,,,1
418,SESIVIT,,,,1
419,DICTAVIR,,,,1
420,LIPINAVIRRITONAVIR,,,,1
421,AMANTADINAACICLOVIR,,,,1
422,AXITROMICINA,,,,1
423,"RINOTAVIR, LIPONAVIR",,,,1
424,"AMOXICILINA ,TEMPRA FORTE NAPROXENO, PARACETAMOL, PERLAS BENZONOTAL, AKACINA DEXAMETAZONA",,,,1
425,AMOXICILINAM FLUCONAZOL,,,,1
426,RIBAVIRINALOPINAVIR,,,,1
427,AZITROMICINA E IVERMECTINA,,,,1
428,ASELTAMIVIR,,,,1
429,LORATIDINA,,,,1
430,ROCHE,,,,1
431,CALATRA,,,,1
432,SEFIXIMA,,,,1
433,AMOXICICLINA,,,,1
434,AZITILOMILIN,,,,1
435,KALETRA  RIBAVIRINA,,,,1
436,AZITROMIANA,,,,1
437,SENTAFERON,,,,1
438,IVERM ECTINA,,,,1
439,KALETRA (LIPINAVIR/RITONAVIR),,,,1
440,"DEXAMETAZONA, ATORVASTATINA",,,,1
441,"LIPONAVIR, RETANAVIR",,,,1
442,"LORATADINA, COVEDINA",,,,1
443,TRUMEBUTINA,,,,1
444,LOPINAVIR RITANIVIR,,,,1
445,LOPINOVIR,,,,1
446,ACICLOVIR CONTINUA,,,,1
447,LIPONAVIR  RITONAVIR,,,,1
448,COVEDINA,,,,1
449,DESCONCOE,,,,1
450,ANTIFLU DES,,,,1
451,RIBAVIRINALOPINAVIR-RI,,,,1
452,AZITROMICINAIVERMECTINA,,,,1
453,LOPINAVIR-RITONAVIRRIBAVIRINA,,,,1
454,AZITROMIZINA,,,,1
455,TAMIFUL,,,,1
456,IVERMECTINAAZITROMICINA,,,,1
457,CEFEPIME,,,,1
458,DICLOXACILINA,,,,1
459,AZITRONICINA,,,,1
460,"ACIDO ACETILSALICILICO, MONTELUCAS, ACITROMICIA, IVERMECTINA",,,,1
461,OSELTAMIVIR.,,,,1
462,RIBAVIRINALOPINAVIR RITONAVIR,,,,1
463,"SALBUTAMOL, AMOXICILINA, DICLOFENACO, DEXAMETAZONA",,,,1
464,RITONAVIRIOPINAVIR,,,,1
465,DOXICICLINA,,,,1
466,CEFRAFLOR,,,,
467,ZITROMICINA,,,,
468,CIPROFLOXACINO AMIKACINA,,,,
469,IVERMEDINA,,,,
470,OPINAVIR-RITONAVIR,,,,
471,"PARACETAMOL, AMOXIXILINA",,,,
472,SE INGNORA,,,,
473,ZIDOBUDINA,,,,
474,VALACICLOBIR,,,,
475,14082020,,,,
476,AZITROMICINA  IVERMECTINA,,,,
477,CLARITUOMICINA,,,,
478,RIBAVIRINALOPINAVIR-RITOVIR,,,,
479,PRONASINE,,,,
480,RIBAVIRINALOPINAVIR-RITONAVIRRIBAVIRINALOPINAVIR-RITONAVIR,,,,
481,"AZITROMICINA, IVERMECTINA",,,,
482,HIDROXICLOROQUNA,,,,
483,"AMOXICILINA, PARACETAMOL",,,,
484,RIBAVIRINA+LOPINAVIR+RITONAVIR,,,,
485,AZITROMICINO,,,,
486,DZEDIMIVIR,,,,
487,IRVERMECTINA,,,,
488,ANTLIFUIDES,,,,
489,"CLOROQUINA, AZITROMICINA",,,,
490,ANTIBIOTICOS,,,,
491,IVERNETRINA,,,,
492,PARACETAMOL.,,,,
493,RIBAVIRINA+KALETRA,,,,
494,LOPINAVIR-RITONAVIR/RIBAVIRINA,,,,
495,AZITROMICINA IVERTMECTRINA,,,,
496,"AMOXICILINA , PARACETAMOL",,,,
497,CLOFERAMINA,,,,
498,"AZITROMICINA, MERMECTINA",,,,
499,RUXOLITINIB,,,,
500,LORATADINA CON BETAMETASONA,,,,
501,"RIVABIRINA, LOPINAVIRRITONAVIR",,,,
502,LAXOTAMIVIR,,,,
503,"DESCONOCE LOS MEDICAMENTOS, INTRAVENOSO",,,,
504,ANTIFLU,,,,
505,"RIVAVIRINA, LOPINABOR",,,,
506,IVEMECTINA,,,,
507,FAVIREZ,,,,
508,VALACICLOVIR POR  INFECCION POR  CMV,,,,
509,"LOPINAVIR, RITONAVIR, RBAVIRINA",,,,
510,KALETRA+RIBAVIRINA,,,,
511,VIRACIDE,,,,
512,"CEFTRIAXONA , CLARITROMICINA",,,,
513,"PARACETAMOL , CEFTRIAXONA",,,,
514,LEVOFLOXACINO  AZITROMICINA,,,,
515,AMPICILINA 500MG PARACETAMOL,,,,
516,"CEFTRIAXONA , LEVOFLOXACINO",,,,
517,INVECMERTINA,,,,
518,"RITONAVIR LOPINAVIR, RIBAVIRINA",,,,
519,CEFALOPORINA,,,,
520,ACICLAVIR,,,,
521,AZITOMICINA,,,,
522,LOVINAVIR RITONAVIR,,,,
523,OXITAL,,,,
524,PARACETAMOL AZITROMICINA,,,,
525,"RIVABIRINA,LOPINAVIR, RITONAVIR",,,,
526,AZITROMICINA 500MG,,,,
527,RIBAVIRINALOPINAVIR-RITINAVIR,,,,
528,CLORAQUINE,,,,
529,RIVAVIRINA+LOPINAVOR,,,,
530,"AMOXICILINA TAB, PARACETAMOL",,,,
531,INVERMECTINA,,,,
532,CLEVA VIRAZIDE,,,,
533,ATAZANAVIR Y RITONAVIR,,,,
534,AMOXICILINAACIDO CLAVULANICO,,,,
535,**,,,,
536,VIRASIDE,,,,
537,CLEVAVIRAZIDE,,,,
538,"PARACETAMOL , AMOXICLINA",,,,
539,KARETRA,,,,
540,RIVABIIRINA,,,,
541,LEVODROPROPIZINA,,,,
542,COPTIN,,,,
543,"CEFTRIAXONA, CLARITROMICINA",,,,
544,TENDESIVIR,,,,
545,PARACETAMOL TAB,,,,
546,"PARACETAMOL , AMOXICILINA",,,,
547,RIBACIRINALOPINACIR_RITONAVIR,,,,
548,LOPINAVIR-RITONAVIR RIBAVIRINA,,,,
549,"HIDROXICLOROQUINA, OSELTAMIVIR",,,,
550,AZITROMICINA IVERMECTRINA,,,,
551,"RITONAVIR, LOPINAVIR",,,,
552,RIVBAVIRINALOPINAVIR-RITONAVIR,,,,
553,PARACETAMOLIBOPRUFENO,,,,
554,ESTEROIDES,,,,
555,GELCAVIT,,,,
556,"LOPINAVIR Y RITONAVIR,",,,,
557,RIVABIRINALOPINZAVIR-RITONAVIR,,,,
558,"SALBUTAMOL,LORATADINA",,,,
559,RIVAVIRINA KALETRA,,,,
560,CELECOXIB AZITROMICINA,,,,
561,KALETRA Y RIBAVIRINA,,,,
562,RITONAVIR - LOPINAVIR,,,,
563,"OMPEPRAZOL, ACITROMICINA, ASPIRINA, PARACETAMOL",,,,
564,VIRACIDE Y KELETRA,,,,
565,"ASITROMICINA, METICORTEN",,,,
566,FENILEFRINACLORFENAMINA,,,,
567,"ASITROMECIMINA, IRASIDINA",,,,
568,"DROPROPIZINA, CETIRIZINA",,,,
569,RITONAVIRLOPINAVIROSELTAMIVIR,,,,
570,LOPINVAIR/RITONAVIR,,,,
571,ANITORIXINA,,,,
572,BICTEGRAVIR TENOFOVIR EMTRICITABINA,,,,
573,"MOXIFLOXACINO, INVAZ",,,,
574,AZITROMICINA ENOXOPARINA CEFTRIAXONA,,,,
575,"AZITROMICINA,DEXAMETASONA",,,,
576,RIVABIRINALOPINAVIR_RITONAVIR,,,,
577,..,,,,
578,"ACITROMICINA, BERMECTINA, LISOMUCIL",,,,
579,RIVABIRINALOPINAVIR-RITONAVIR,,,,
580,"NAPROXENO, IVERMECTINA",,,,
581,"PARACETAMOL,CICLOFOXACINO,IBUPROFENO",,,,
582,LOPINAVIR RIITONAVIR,,,,
583,BETACLOSA,,,,
584,"PARACETAMOL,CEFTRIAXONA",,,,
585,ACILOVIR,,,,
586,"ASITROMICINA, IBUPROFENO",,,,
587,LOPIRAMIDARITONAVIRRIVABIRINA,,,,
588,"CELTAFERON, ADELOX",,,,
589,AMOXACILINA C ACIDO CLAVULANICO,,,,
590,"LEVOFLOXACINA, LORATADINA",,,,
591,DEXAMENTAZONA,,,,
592,"TENOFOVIR, BIKTARVY",,,,
593,BICTEGRARIRTENOFOVIRALAFENAMIDA,,,,
594,"ASPIRINA, CELTAFERON",,,,
595,INVAZ,,,,
596,LOPINAVIR RITONAVIR  AZITROMICINA,,,,
597,AZITROMICINA CELECOXIB,,,,
598,VIVARIZIDE,,,,
599,ACICLAIR,,,,
600,AMOXICILINA CON AC. CLAVULANICO,,,,
601,LOPINAVIR RITONAVIR AZITROMICINA,,,,
602,CEPTRIACINA Y DEXAMIZONA,,,,
603,LOPIMUNE,,,,
604,LORATADINA IBUPROFENO CEFTRIAXONA,,,,
605,HIBERMETINA,,,,
606,"INVAZ, MOXIFLOXOCINO",,,,
607,MOXIFLOXACINO,,,,
608,ROSEL,,,,
609,AMOXICLAV,,,,
610,KALETRRA,,,,
611,"ANBROXOL, LORATADINA CON DEXAMETASONA",,,,
612,KALETRA Y VIRAZIDE,,,,
613,AZOTROMIZINA,,,,
614,"AZTIAMINA,IVECTIMINA",,,,
615,LORATADIN,,,,
616,CETAFERONACITROMICINA,,,,
617,CELECAXIB,,,,
618,"FELECAMIN LS, IDRAFEC",,,,
619,EMTRICITABINA,,,,
620,LOPINAVIR RITONAVIRVIRAZIDE,,,,
621,FRANDELIN,,,,
622,KALETRA Y VIRACIDE,,,,
623,"METAMIZON, CEFOTAXINA",,,,
624,SEEL,,,,
625,ACICLOVIR INICIO 17 09 2020,,,,
626,NO INFORMACION,,,,
627,ZETRALON CITRIXONA,,,,
628,ARITRAMICINA,,,,
629,PLAQUEMIN,,,,
630,MOXIFLOXOCINO,,,,
631,VIBRAMICINA,,,,
632,SENSIBIT D,,,,
633,LEVOHOOXAC,,,,
634,"IBUPROFENO, ASITROMICINA",,,,
635,PRANOCINE,,,,
636,VIRACIDE+KALETRA,,,,
637,IVEXTER,,,,
638,"IVERMECTINA, TERAFLU",,,,
639,IVERMECTIVA,,,,
640,CLORFENAMINA COMP,,,,
641,AZIROMICINA,,,,
642,AMOXICILINA CON ACIDO CLAVULANICO,,,,
643,BENTAMETAXONA,,,,
644,ACITROMIZINA,,,,
645,CEFTRIAXONA AZITROMICINA,,,,
646,"LEVOFLOXACINO, PARACETAMOL",,,,
647,SENSIVIT,,,,
648,AMOXIXILINA,,,,
649,"AMOXICILINA, DEXAMETAZONA, AMANTADINA, PARACETAMOL",,,,
650,CEPROXINA,,,,
651,REMDESIMIR,,,,
652,HIDROXIQUILOQUINA,,,,
653,AZITOMIZINA,,,,
654,FEBRAX,,,,
655,"AZITROMICINA, IVERMECTINA, CEFTRIAXONA",,,,
656,"DEXAMETAZONA, IBUPROFENO",,,,
657,ANTIFLUD D,,,,
658,"MOXIFLOXACINO ,AZITROMICINA, FLOXACINO",,,,
659,XL-3,,,,
660,"VIRACIDE, KALETRA",,,,
661,"ASPIRINAS, PARACETAMOL",,,,
662,CEFTRIAZONA,,,,
663,FAVIPIRAVIR,,,,
664,"AZITROMICINA, IVERMECTINA, RIVAVIRINA",,,,
665,COMPLICACION RESPIRATORIA AGUDA GRAVE,,,,
666,ACROMICINA,,,,
667,NO RECUERDA CUAL,,,,
668,LOPINARRITONAVIR,,,,
669,"CLARITROMICINA , CEFTRIAXONA , PARACETAMOL",,,,
670,CLOPIDOGEL,,,,
671,LOPINAVIR-RITONAVIRRIVABIRINA,,,,
672,LOPINAVIR RITONAVIR OSELTAMIVIR Y AZITROMICINA,,,,
673,ROTANIVIR,,,,
674,CEFOTAXIMA,,,,
675,AZITROMIVIR,,,,
676,SETRIAXONA,,,,
677,"PARACETAMOL, AZITRONICINA",,,,
678,AZIDROMICINA,,,,
679,"AZITROMICINA, CEFTRIAXONA, PARACETAMOL",,,,
680,RIMATADINA,,,,
681,"AZITROMICINA , CEFTRIAXONA, PARACETAMOL",,,,
682,ETAVIRENZ,,,,
683,LEVOCETIRIZINA,,,,
684,ARV,,,,
685,PARACETAMOL LICONOMICINA,,,,
686,"IBUPROFENO, CEFTRIAXON",,,,
687,VITARBY,,,,
688,LITONAVIRRITONAVIR,,,,
689,AZIFROMICINA,,,,
690,"MOXIFLOXACINO,",,,,
691,PREXCOBIX,,,,
692,LAMANTIDINA,,,,
693,XXXX,,,,
694,LEVOFLOXACINA,,,,
695,CEPIRISINA,,,,
696,"LEVOFLOXACINO, CEFTRIAXONA",,,,
697,NAPROXENO CEFALEXIMA CON PARACETAMOL,,,,
698,PENICILINA PARACETAMOL,,,,
699,CLORAFENAMINA,,,,
700,LUTIFLUDES,,,,
701,ANEFRON,,,,
702,AGRIFEN,,,,
703,"NAPROXENO,RINOXON,ANTIBIOTICOS,TLALACO",,,,
704,CELESTANINE,,,,
705,LOPINAVIRRITONAVIR},,,,
706,REDOXONA,,,,
707,LEVO FLOXACINO,,,,
708,VITAMINAS,,,,
709,AMOXICILINA PARACETAMOL Y KETOROLACO,,,,
710,S/E,,,,
711,"AZITROMICINA , PARACETAMOL DEXAMETASONA",,,,
712,CEFIXIMA,,,,
713,"INVAZ, TEICOPLAMIN",,,,
714,CLARITINED,,,,
715,"TABLETA CITOCIL,VITAMINA A, AMPOLLETAS DEXAMETASONA, PARALEL,GARABE",,,,
716,PARACETAMOL GRANEODIN,,,,
717,NO ESPECIFICO,,,,
718,LAPINOVIR,,,,
719,INIHBIDOR,,,,
720,SEZIVIT,,,,
721,LORTADINA,,,,
722,"LEVOFLOXACINO, SALBUTAMOL",,,,
723,ACICLOVIR POR LA VARICELA ZOSTER,,,,
724,IBUPROFENO METOCARBAMOL,,,,
725,"INVANZ, PIXIVIR",,,,
726,"MACROSIT, CELTACERON",,,,
727,"BATACLUTAN, NAPROXENO",,,,
728,AMOXACILINA,,,,
729,ACIDO ACETILSALISILICO,,,,
730,TAPSIN,,,,
731,BYKET,,,,
732,LORATADINABETAMETASONA,,,,
733,ANTICICOTICOS,,,,
734,RIVABIDINA,,,,
735,AMOXAXILINA,,,,
736,"CLOSFENAMINA, PARACETAMOL",,,,
737,AZITROMICINA PARACETAMOL CEFTRIAXONA DEXAMETASONA,,,,
738,ENALAPRIL ALOPURINOL,,,,
739,OSELTAMIVIR TAMIFLU,,,,
740,"IVERMECTINA, RIBAVIRINA",,,,
741,"AZITROMICINA, PARACETAMOL",,,,
742,"PARACETAMOL, IBUPROFENO",,,,
743,NAPROXENO PARACETAMOL,,,,
744,"AMPICILINA, INCOMOCINA, ASITROMICINA, IBERNITINA",,,,
745,LORATADINA CLINDAMICINA,,,,
746,"CEFTRIAXONA , AZITROMICINA , PARACETAMOL",,,,
747,IVEXTREM,,,,
748,"IVERMECTINA, ACITROMICINA, GENTAMICINA",,,,
749,CLORAFERAMINA,,,,
750,"INVANZ,CLEXANE",,,,
751,DESC,,,,
752,"INVAZ, MOXIFLOXACINO,",,,,
753,PARACETAMOL CEFALEXIMA,,,,
754,IVERTEX,,,,
755,"LEVOFLOXACINO, CEFTRIAXON",,,,
756,AZITROMICINA PARACETAMOL,,,,
757,PARACETAMOL IBUPROFENO,,,,
758,AMOXICILINA  ACIDO CLAVULANICO,,,,
759,CAPTOPRIL Y LORATADINA,,,,
760,BIKTARVY,,,,
761,"AZITROMICINA, MOXIFLOXACINO,",,,,
762,AMOXICILINA CLORFENAMINA COMPUESTA,,,,
763,CENTROFERONA,,,,
764,RIBABIRIBA Y DEXAMETASONA,,,,
765,ANTIFLU DESTEMPRA,,,,
766,DESC.,,,,
767,DESCONOEC,,,,
768,REDOXON,,,,
769,FLOUXELINA,,,,
770,BIKTAVRY,,,,
771,PARACETSMOLDICLOFENACO,,,,
772,AZITROMICINA DEXAMETAONA,,,,
773,ACETROMICINA,,,,
774,CEFACLOR,,,,
775,AMPIGRIM,,,,
776,BROMENCINA,,,,
777,REMDESIVIR,,,,
778,AZITROMICINA OSELTAMIVIR,,,,
779,"PARACETAMOL, AMBROXOL, AMOXICILINA",,,,
780,"PARACETAMOL , AZITROMICINA CEFTRIAXONA",,,,
781,OZITROMICINA,,,,
782,VICTABI,,,,
783,AZITROMINA,,,,
784,APIXIBAN,,,,
785,DEXAMETAXONA,,,,
786,"AZITROMICINA, CEFTRIAXONA , PARACETAMOL",,,,
787,TENOVOFIR,,,,
788,ANAFRON,,,,
789,"ACITROMICINA, ANAFERON",,,,
790,LADEXGEL- CLENDAMICINA,,,,
791,COMPLEJO B,,,,
792,RIBAVIRINABARICITIMIVIR,,,,
793,PARACETAMOLLOPERAMIDA,,,,
794,TABCIN Y AGRIFEN,,,,
795,"CLARITROMICINA, CEFTRIAXONA , PARACETAMOL",,,,
796,MACROCIT,,,,
797,FLUTICASONA,,,,
798,AZITROMICINA PARACETAMOL CEFTRIAXONA,,,,
799,"IVERMECTINA, AZITROMICINA",,,,
800,ENFAMIREZ,,,,
801,PARACETAMOL ACITROMICINA,,,,
802,NO SE ESPECIFICA,,,,
803,OXEMETAZONA,,,,
804,SOFUSBIVIR/VELPATASVIR,,,,
805,PARACETAMOL  AMOXICILIN,,,,
806,AZIITROMICINA CEFTRIAXONA PARACETAMOL,,,,
807,CELTRIAXONA,,,,
808,"CEFTRIAXONA , PARACETAMOL AITROMICINA",,,,
809,CEFTRIOAXONA,,,,
810,ANTIFLUDER,,,,
811,AZITROMICINACEFTRIAXONA,,,,
812,NAPROXEN,,,,
813,AVIFAVIR,,,,
814,"ASPIRINA, AMOXICILINA",,,,
815,PRAVATATINA,,,,
816,METADOZONA,,,,
817,TENOFOVIR EFAVIRENS BIKTARVY,,,,
818,RIBAVIRINABARICITINIB,,,,
819,DEXAMETRAZONA,,,,
820,HIBUPROFENO,,,,
821,RIBARVIRINA,,,,
822,LOPINAVIRRITONAVIRQ,,,,
823,ERITROMINICIDA,,,,
824,CLARITIN,,,,
825,"CEFTRIAXONA , AZITROMICINA PARACETAMOL",,,,
826,"IVERMECTINA, AMANTADIAN",,,,
827,"AZITROMICINZ,PARACETAMOL,NAPROXENO",,,,
828,DES,,,,
829,FENILEFRINA Y CLORFENAMINA,,,,
830,CIPROFLEXACINO,,,,
831,IVERMECTINO,,,,
832,"ACITRMICINA, IVERMECTINA, ALIN",,,,
833,SE IGNORS,,,,
834,NEUMELUBRINA,,,,
835,"CEFTRIAXONA , PARACETAMOL",,,,
836,"CEFTRIAXONA, PARACETAMOL AZITROMICINA",,,,
837,SN,,,,
838,"AMOXICILINA, AZITROMICINA",,,,
839,KALEGTRA,,,,
840,NO LO SABE,,,,
841,JALETRAVIRAZIDE,,,,
842,LOPINAVIRRITONAVIRUS,,,,
843,IBERMETRINA,,,,
844,RIVBAVIRINA,,,,
845,LEVOTROZINA BENZAFIBRATO,,,,
846,"INVAZ, ELEQUINE",,,,
847,AMOXICLIM,,,,
848,CLINDAMICINA,,,,
849,OXITAMIVIR,,,,
850,"INVAZ, FLUCONAZOL,",,,,
851,"AZITROMICINA, CEFTRIAXONA PARACETAMOLL",,,,
852,"PISAPEM, PIXIVIR",,,,
853,IBUPROFENO/ ASITROMICINA,,,,
854,NO ESPECIFICA.,,,,
855,MICLOXICLINA,,,,
856,NORVIR,,,,
857,INESPECIFICO,,,,
858,DESCONCE,,,,
859,BETAMETASONALORATADINA,,,,
860,SOFOVUVIR,,,,
861,"AMOXILINA ,METAMIZOL",,,,
862,PRANUSINE,,,,
863,CRAZTRONIN 500 G,,,,
864,CLOROFENINAMINA,,,,
865,AZINTROMICINA,,,,
866,PARACETAMOLIBUPROFENO,,,,
867,"CEFTRIAXONA , AZITROMICINA",,,,
868,CLOPIDROGAL,,,,
869,FACICLOR,,,,
870,"CEFTRIAXONA, AZITROMICINA",,,,
871,IBERMERTINA,,,,
872,ROSSEL,,,,
873,DEXMETROMETAFANO,,,,
874,RIVABRINA,,,,
875,AAZITROMICINA,,,,
876,AZITROMICINA DEXAMETASONA ENOXOPARINA,,,,
877,KETOROLACO CIPROFLOXACINO DICLOFENACO,,,,
878,NO RECUERDA NOMBRE,,,,
879,RINOTAVIR,,,,
880,RINOVIR,,,,
881,CEROTOMAXINA,,,,
882,NEOMELUBRINA,,,,
883,ASPITAK-P,,,,
884,LOPINAVIR7RITONAVIR,,,,
885,SEPREACZONA,,,,
886,"ACTRON, DILARMINE",,,,
887,NSE,,,,
888,LINCOSIN,,,,
889,"AZITROMICINA , PARACETAMOL CEFTRIAXONA",,,,
890,BETAMICINA,,,,
891,"AZITROMICINA PARACETAMOL , CEFTRIAXONA",,,,
892,LATIFLUDES,,,,
893,CEFRIAXONA,,,,
894,ANTIFLUIDEX,,,,
895,TABCIN,,,,
896,PREZCOBIX,,,,
897,LORATADICNA,,,,
898,"INVAZ, PIXIVIR",,,,
899,"MEROPENEM, VANCOMICINA",,,,
900,IBUPROFENO  ACITROMICINA,,,,
901,NOSE,,,,
902,TRIMETOPRIM,,,,
903,"INVAZ, MOXIFLOXACINO",,,,
904,PARACETAMOLIBUKPROFENO,,,,
905,ACIDO CLAVULANICO CON AMOXICILINA,,,,
906,OBIOMICINA,,,,
907,"PARACETAMOL, DEXAMETASONA",,,,
908,ANTI FLU,,,,
909,AMOXICILINA CON ACIDO CLAVULANICO Y AZITROMICINA,,,,
910,IMVERMECTINA,,,,
911,ANTIFLUDEZ,,,,
912,"MONTELUKAST, IVERMECTINA",,,,
913,ANTIBIOTICO,,,,
914,CIPROXACINO,,,,
915,CONTAC X,,,,
916,BROMICOR.,,,,
917,RITONAVIR*LOPINAVIR,,,,
918,FLUXEDAD JARABE,,,,
919,SD,,,,
920,IVERMEOTINA,,,,
921,PREDIXONA,,,,
922,"INVAZ, FLUCONAZOL",,,,
923,AZITROMICINA CEFTRIAXONA PARACETAMOL,,,,
924,OMITE INF,,,,
925,LOBANSPRIL,,,,
926,"CEFTRIAXONA,LEVOFLOXACINO,FLUCONAZOL",,,,
927,SIN ESPECIFICAR,,,,
928,AMPICILINA AMBROXOL,,,,
929,IBRUPROFENO,,,,
930,LISTEASIL,,,,
931,PARACETAMOL Y NAPROXENO,,,,
932,AZITROMICINA IVERMECTINA,,,,
933,KALETRA Y RUBAVIRINA,,,,
934,INVANZ,,,,
935,CLORFENAMINAIBUPROFENOGENTAMICINA,,,,
936,"DEXAMETAZONA, CEFTRIAXONA AZITROMICINA PARACETAMOL",,,,
937,"SINAT, ENCIDIT, DOLOPANDAX, IVERMECTINA",,,,
938,ASITROMICUS,,,,
939,ANTIFLUDA,,,,
940,"CEFTRIAXONA,",,,,
941,LORATADINA  PARACETAMOL,,,,
942,RIVADOBAXI,,,,
943,SAMBUTAMOL,,,,
944,TELMISARTAN,,,,
945,FACTOR DE TRANSFERENCIA,,,,
946,TERAFLU,,,,
947,KALETRA VIRAZIDE,,,,
948,SIN DATO,,,,
949,FEXOFENADINA,,,,
