ENTIDAD_IDX,ENTIDAD,ENTIDAD_REP,ENTIDAD_REPBY,default,times
1,AGUASCALIENTES,VERACRUZ,VERACRUZ DE IGNACIO DE LA LLAVE,CIUDAD DE MEXICO,9771
2,BAJA CALIFORNIA,COAHUILA,COAHUILA DE ZARAGOZA,,19534
3,BAJA CALIFORNIA SUR,,,,7185
4,CAMPECHE,,,,5948
5,CHIAPAS,,,,8194
6,CHIHUAHUA,,,,9750
7,CIUDAD DE MEXICO,,,,176350
8,COAHUILA DE ZARAGOZA,,,,27964
9,COLIMA,,,,2137
10,DURANGO,,,,9725
11,GUANAJUATO,,,,37096
12,GUERRERO,,,,13846
13,HIDALGO,,,,8392
14,JALISCO,,,,31846
15,MEXICO,,,,76495
16,MICHOACAN,,,,21614
17,MORELOS,,,,6640
18,NAYARIT,,,,4703
19,NUEVO LEON,,,,38587
20,OAXACA,,,,12467
21,PUEBLA,,,,33081
22,QUERETARO,,,,5676
23,QUINTANA ROO,,,,9428
24,SAN LUIS POTOSI,,,,15611
25,SINALOA,,,,19501
26,SONORA,,,,23672
27,TABASCO,,,,30724
28,TAMAULIPAS,,,,29402
29,TLAXCALA,,,,8498
30,VERACRUZ DE IGNACIO DE LA LLAVE,,,,24586
31,YUCATAN,,,,14149
32,ZACATECAS,,,,4488
