ENTNACI_IDX,ENTNACI,ENTNACI_REP,ENTNACI_REPBY,default,times
1,AGUASCALIENTES,VERACRUZ,VERACRUZ DE IGNACIO DE LA LLAVE,CIUDAD DE MEXICO,8510
2,BAJA CALIFORNIA,COAHUILA,COAHUILA DE ZARAGOZA,CIUDAD DE MEXICO,12184
3,BAJA CALIFORNIA SUR,,,CIUDAD DE MEXICO,4495
4,CAMPECHE,,,CIUDAD DE MEXICO,5289
5,CHIAPAS,,,CIUDAD DE MEXICO,11494
6,CHIHUAHUA,,,CIUDAD DE MEXICO,8708
7,CIUDAD DE MEXICO,,,CIUDAD DE MEXICO,159544
8,COAHUILA DE ZARAGOZA,,,CIUDAD DE MEXICO,27186
9,COLIMA,,,CIUDAD DE MEXICO,1893
10,DURANGO,,,CIUDAD DE MEXICO,10677
11,GUANAJUATO,,,CIUDAD DE MEXICO,35473
12,GUERRERO,,,CIUDAD DE MEXICO,19068
13,HIDALGO,,,CIUDAD DE MEXICO,10138
14,JALISCO,,,CIUDAD DE MEXICO,30830
15,MEXICO,,,CIUDAD DE MEXICO,88900
16,MICHOACAN,,,CIUDAD DE MEXICO,23724
17,MORELOS,,,CIUDAD DE MEXICO,6871
18,NAYARIT,,,CIUDAD DE MEXICO,5422
19,NUEVO LEON,,,CIUDAD DE MEXICO,31452
20,OAXACA,,,CIUDAD DE MEXICO,18571
21,PUEBLA,,,CIUDAD DE MEXICO,32826
22,QUERETARO,,,CIUDAD DE MEXICO,4220
23,QUINTANA ROO,,,CIUDAD DE MEXICO,4475
24,SAN LUIS POTOSI,,,CIUDAD DE MEXICO,16688
25,SINALOA,,,CIUDAD DE MEXICO,23120
26,SONORA,,,CIUDAD DE MEXICO,21635
27,TABASCO,,,CIUDAD DE MEXICO,29403
28,TAMAULIPAS,,,CIUDAD DE MEXICO,26518
29,TLAXCALA,,,CIUDAD DE MEXICO,9024
30,VERACRUZ DE IGNACIO DE LA LLAVE,,,CIUDAD DE MEXICO,34319
31,YUCATAN,,,CIUDAD DE MEXICO,14264
32,ZACATECAS,,,CIUDAD DE MEXICO,6122
33,,,,CIUDAD DE MEXICO,1
