ENTRESI_IDX,ENTRESI,ENTRESI_REP,ENTRESI_REPBY,default,times
1,AGUASCALIENTES,VERACRUZ,VERACRUZ DE IGNACIO DE LA LLAVE,CIUDAD DE MEXICO,9730
2,BAJA CALIFORNIA,COAHUILA,COAHUILA DE ZARAGOZA,CIUDAD DE MEXICO,19189
3,BAJA CALIFORNIA SUR,,,CIUDAD DE MEXICO,7202
4,CAMPECHE,,,CIUDAD DE MEXICO,5834
5,CHIAPAS,,,CIUDAD DE MEXICO,8568
6,CHIHUAHUA,,,CIUDAD DE MEXICO,9782
7,CIUDAD DE MEXICO,,,CIUDAD DE MEXICO,146043
8,COAHUILA DE ZARAGOZA,,,CIUDAD DE MEXICO,27926
9,COLIMA,,,CIUDAD DE MEXICO,2111
10,DURANGO,,,CIUDAD DE MEXICO,9750
11,GUANAJUATO,,,CIUDAD DE MEXICO,37082
12,GUERRERO,,,CIUDAD DE MEXICO,14262
13,HIDALGO,,,CIUDAD DE MEXICO,9014
14,JALISCO,,,CIUDAD DE MEXICO,31644
15,MEXICO,,,CIUDAD DE MEXICO,105159
16,MICHOACAN,,,CIUDAD DE MEXICO,21486
17,MORELOS,,,CIUDAD DE MEXICO,7010
18,NAYARIT,,,CIUDAD DE MEXICO,4881
19,NUEVO LEON,,,CIUDAD DE MEXICO,38178
20,OAXACA,,,CIUDAD DE MEXICO,12690
21,PUEBLA,,,CIUDAD DE MEXICO,32653
22,QUERETARO,,,CIUDAD DE MEXICO,5595
23,QUINTANA ROO,,,CIUDAD DE MEXICO,9511
24,SAN LUIS POTOSI,,,CIUDAD DE MEXICO,15535
25,SINALOA,,,CIUDAD DE MEXICO,19527
26,SONORA,,,CIUDAD DE MEXICO,24108
27,TABASCO,,,CIUDAD DE MEXICO,30378
28,TAMAULIPAS,,,CIUDAD DE MEXICO,29306
29,TLAXCALA,,,CIUDAD DE MEXICO,8992
30,VERACRUZ DE IGNACIO DE LA LLAVE,,,CIUDAD DE MEXICO,25229
31,YUCATAN,,,CIUDAD DE MEXICO,14111
32,ZACATECAS,,,CIUDAD DE MEXICO,4574
