﻿LABORA_IDX,LABORA,LABORA_REP,LABORA_REPBY,default,times
1,IMSS LA RAZA,,,IMSS LA RAZA,104134
2,EDO. DE MEX,,,,44270
3,INDRE,,,,41427
4,INSTITUTO NACIONAL DE NUTRICION,,,,40165
5,IMSS JALISCO,,,,31055
6,GUANAJUATO,,,,29917
7,TABASCO,,,,28534
8,NUEVO LEON,,,,26824
9,TAMAULIPAS,,,,24882
10,PUEBLA,,,,23483
11,INSTITUTO NACIONAL DE MEDICINA GENOMICA,,,,22836
12,JALISCO,,,,20273
13,IMSS NUEVO LEON,,,,20081
14,MICHOACAN,,,,19545
15,BAJA CALIFORNIA,,,,17195
16,SONORA,,,,13650
17,COAHUILA,,,,13304
18,SAN LUIS POTOSI,,,,12085
19,GUERRERO,,,,11606
20,SINALOA,,,,10932
21,VERACRUZ,,,,10917
22,IMSS YUCATAN,,,,10596
23,YUCATAN,,,,9853
24,AGUASCALIENTES,,,,9598
25,CIUDAD DE MEXICO,,,,8939
26,PRIV. CIUDAD DE MEXICO,,,,8530
27,TLAXCALA,,,,7336
28,OAXACA,,,,7199
29,CHIAPAS,,,,7009
30,DURANGO,,,,5950
31,QUINTANA ROO,,,,5940
32,CHIHUAHUA,,,,5441
33,HIDALGO,,,,5429
34,ISSSTE CMN 20 DE NOVIEMBRE,,,,5418
35,BAJA CALIFORNIA SUR,,,,5060
36,HOSPITAL ANGELES  LOMAS,,,,4691
37,PRIV. PUEBLA,,,,4581
38,MORELOS,,,,4562
39,CAMPECHE,,,,4358
40,INSTITUTO NACIONAL DE ENFERMEDADES RESPIRATORIAS,,,,4356
41,QUERETARO,,,,4349
42,NAYARIT,,,,4345
43,PRIV. SONORA,,,,3826
44,PRIV. TAMAULIPAS,,,,3179
45,PRIV. OAXACA,,,,2895
46,HOSPITAL ABC,,,,2485
47,PEMEX,,,,2437
48,ZACATECAS,,,,2409
49,PRIV. CHIHUAHUA,,,,2346
50,HOSPITAL GENERAL DE MEXICO,,,,2234
51,LABORATORIO SANTO DOMINGO,,,,2131
52,SEMAR,,,,2014
53,PRIV. SAN LUIS POTOSI,,,,1849
54,LABORATORIO DE BIOLOGIA MOLECULAR PIEDRAS NEGRAS,,,,1846
55,PRIV. EDO. DE MEX,,,,1426
56,HOSPITAL INFANTIL DE MEXICO FEDERICO GOMEZ,,,,1358
57,COLIMA,,,,1315
58,LABORATORIO DE BIOLOGIA MOLECULAR TORREON,,,,1292
59,PRIV. COAHUILA,,,,1247
60,PRIV. NUEVO LEON,,,,1079
61,HOSPITAL JUAREZ DE MEXICO,,,,926
62,HOSP. IXTAPALUCA,,,,774
63,SEDENA,,,,667
64,PRIV. JALISCO,,,,609
65,PRIV. GUANAJUATO,,,,571
66,PRIV. VERACRUZ,,,,553
67,LABORATORIO DE BIOLOGIA MOLECULAR MONCLOVA,,,,532
68,MEDICA SUR,,,,477
69,PRIV. GUERRERO,,,,437
70,PRIV. QUERETARO,,,,388
71,LABORATORIO DEL HOSPITAL JUAN GRHAM CASASUS,,,,375
72,LABORATORIO DE BIOLOGIA MOLECULAR NUEVA ROSITA,,,,349
73,CINVESTAV,,,,337
74,ESTUDIOS CLINICOS DR.  T.J. ORIARD,,,,317
75,PRIV. MICHOACAN,,,,315
76,INSTITUTO NACIONAL DE PEDIATRIA,,,,265
77,PRIV. YUCATAN,,,,263
78,PRIV. SINALOA,,,,250
79,PRIV. ZACATECAS,,,,234
80,PRIV. QUINTANA ROO,,,,102
81,INSTITUTO NACIONAL DE PERINATOLOGIA,,,,70
82,ISSSTE H.R. 1 DE OCTUBRE,,,,49
83,PRIV. TLAXCALA,,,,26
84,PRIV. BAJA CALIFORNIA SUR,,,,26
85,PRIV. AGUASCALIENTES,,,,26
86,PRIV. HIDALGO,,,,22
87,LABORATORIO CENTRAL DE NUTRICION,,,,22
88,HOSPITAL MILITAR DE ESP. DE LA MUJER Y NEO.,,,,18
89,PRIV. MORELOS,,,,16
90,PRIV. BAJA CALIFORNIA,,,,7
91,PRIV. TABASCO,,,,6
92,PRIV. DURANGO,,,,3
93,PRIV. CAMPECHE,,,,3
94,PRIV. CHIAPAS,,,,1
96,nan,,,,1
97,CIENI - INER,,,,1
98,LABORATORIO CARDIOLOGIA,,,,1
99,PRIV. NAYARIT,,,,1
100,LABORATORIO DE LA UNIVERSIDAD DE GUADALAJARA,,,,1
101,PRIV. COLIMA,,,,1
102,LABORATORIO VETERINARIA UNAM,,,,1
103,LAB. HOSPITAL MILITAR REGIONAL DE GUADALAJARA,,,,1
105,LAB. HOSPITAL MILITAR REGIONAL DE MERIDA,,,,1
,,,,,1
,,,,,
,,,,,
,,,,,
