﻿MPIORESI_IDX,MPIORESI,MPIORESI_REP,MPIORESI_REPBY,default,times
2171,ABALA,DR. ARROYO,DOCTOR ARROYO,IZTAPALAPA,
33,ABASOLO,DR. COSS,DOCTOR COSS,,
953,ABEJONES,DR. GONZALEZ,DOCTOR GONZALEZ,,
81,ACACOYAGUA,DR. MORA,DOCTOR MORA,,
1519,ACAJETE,TLAQUEPAQUE,SAN PEDRO TLAQUEPAQUE,,
82,ACALA,TLALTIZAPAN,TLALTIZAPAN DE ZAPATA,,
313,ACAMBARO,YAUHQUEMECAN,YAUHQUEMEHCAN,,
637,ACAMBAY DE RUIZ CASTANEDA,ZITLALTEPEC DE TRINIDAD SANCHEZ SANTOS,ZILTLALTEPEC DE TRINIDAD SANCHEZ SANTOS,,
2172,ACANCEH,GRAL. BRAVO,GENERAL BRAVO,,
83,ACAPETAHUA,GRAL. TERAN,GENERAL CANUTO A. NERI,,
892,ACAPONETA,GRAL. ZARAGOZA,GENERAL CEPEDA,,
356,ACAPULCO DE JUAREZ,GRAL. ZUAZUA,GENERAL ENRIQUE ESTRADA,,
1520,ACATENO,GRAL. ESCOBEDO,GENERAL ESCOBEDO,,
430,ACATEPEC,GRAL. FELIPE ANGELES,GENERAL FELIPE ANGELES,,
518,ACATIC,GRAL. FRANCISCO R. MURGUIA,GENERAL FRANCISCO R. MURGUIA,,
436,ACATLAN,GRAL. HELIODORO CASTILLO,GENERAL HELIODORO CASTILLO,,
519,ACATLAN DE JUAREZ,GRAL. PANFILO NATERA,GENERAL PANFILO NATERA,,
954,ACATLAN DE PEREZ FIGUEROA,GRAL. PLUTARCO ELIAS CALLES,GENERAL PLUTARCO ELIAS CALLES,,
1521,ACATZINGO,GRAL. SIMON BOLIVAR,GENERAL SIMON BOLIVAR,,
437,ACAXOCHITLAN,GRAL. TERAN,GENERAL TERAN,,
1980,ACAYUCAN,GRAL. TREVINO,GENERAL TREVINO,,
638,ACOLMAN,GRAL. ZARAGOZA,GENERAL ZARAGOZA,,
1817,ACONCHI,GRAL. ZUAZUA,GENERAL ZUAZUA,,
1522,ACTEOPAN,G3EMEZ,GUEMEZ,,
438,ACTOPAN,ACAMBAY,ACAMBAY DE RUIZ CASTANEDA,,
1946,ACUAMANALA DE MIGUEL HIDALGO,SILAO,SILAO DE LA VICTORIA,,
756,ACUITZIO,MEDELLIN,MEDELLIN DE BRAVO,,
1981,ACULA,HEROICA CIUDAD DE JUCHITAN DE ZARAGOZA,JUCHITAN DE ZARAGOZA,,
639,ACULCO,SAN PEDRO MIXTEPEC -DTO. 22 -,SAN PEDRO MIXTEPEC,,
1982,ACULTZINGO,SAN PEDRO MIXTEPEC -DTO. 26 -,SAN PEDRO MIXTEPEC,,
34,ACUNA,VILLA DE TUTUTEPEC DE MELCHOR OCAMPO,VILLA DE TUTUTEPEC,,
439,AGUA BLANCA DE ITURBIDE,JONACATEPEC,JONACATEPEC DE LEANDRO VALLE,,
2162,AGUA DULCE,ALTZAYANCA,ATLTZAYANCA,,
1818,AGUA PRIETA,TING3INDIN,TINGUINDIN,,
910,AGUALEGUAS,BATOPILAS,BATOPILAS DE MANUEL GOMEZ MORIN,,
1,AGUASCALIENTES,TEZOATLAN DE SEGURA Y LUNA,"HEROICA VILLA TEZOATLAN DE SEGURA Y LUNA, CUNA DE LA INDEPENDENCIA DE OAXACA",,
757,AGUILILLA,SAN PEDRO TOTOLAPA,SAN PEDRO TOTOLAPAM,,
1800,AHOME,ZAPOTITLAN DEL RIO,ZAPOTLAN DEL REY,,
893,AHUACATLAN,SANTIAGO CHAZUMBA,VILLA DE SANTIAGO CHAZUMBA,,
357,AHUACUOTZINGO,SAN JUAN MIXTEPEC -DTO. 8 -,SAN PEDRO MIXTEPEC,,
1748,AHUALULCO,SANTA CRUZ ATIZAPAN,ATIZAPAN,,
520,AHUALULCO DE MERCADO,,,,
1523,AHUATLAN,,,,
1524,AHUAZOTEPEC,,,,
1525,AHUEHUETITLA,,,,
204,AHUMADA,,,,
440,AJACUBA,,,,
1526,AJALPAN,,,,
358,AJUCHITLAN DEL PROGRESO,,,,
2173,AKIL,,,,
2126,ALAMO TEMAPACHE,,,,
1819,ALAMOS,,,,
1749,ALAQUINES,,,,
1527,ALBINO ZERTUCHE,,,,
359,ALCOZAUCA DE GUERRERO,,,,
191,ALDAMA,,,,
441,ALFAJAYUCAN,,,,
1528,ALJOJUCA,,,,
35,ALLENDE,,,,
442,ALMOLOYA,,,,
640,ALMOLOYA DE ALQUISIRAS,,,,
641,ALMOLOYA DE JUAREZ,,,,
642,ALMOLOYA DEL RIO,,,,
1984,ALPATLAHUAC,,,,
360,ALPOYECA,,,,
1896,ALTAMIRA,,,,
84,ALTAMIRANO,,,,
1820,ALTAR,,,,
1529,ALTEPEXI,,,,
1985,ALTO LUCERO DE GUTIERREZ BARRIOS,,,,
1986,ALTOTONGA,,,,
1987,ALVARADO,,,,
270,ALVARO OBREGON,,,,
521,AMACUECA,,,,
859,AMACUZAC,,,,
643,AMANALCO,,,,
85,AMATAN,,,,
86,AMATENANGO DE LA FRONTERA,,,,
87,AMATENANGO DEL VALLE,,,,
644,AMATEPEC,,,,
522,AMATITAN,,,,
1988,AMATITLAN,,,,
894,AMATLAN DE CANAS,,,,
1990,AMATLAN DE LOS REYES,,,,
1925,AMAXAC DE GUERRERO,,,,
1723,AMEALCO DE BONFIL,,,,
523,AMECA,,,,
645,AMECAMECA,,,,
1530,AMIXTLAN,,,,
1531,AMOZOC,,,,
912,ANAHUAC,,,,
758,ANGAMACUTIRO,,,,
759,ANGANGUEO,,,,
88,ANGEL ALBINO CORZO,,,,
1991,ANGEL R. CABADA,,,,
1801,ANGOSTURA,,,,
1125,ANIMAS TRUJANO,,,,
1897,ANTIGUO MORELOS,,,,
443,APAN,,,,
315,APASEO EL ALTO,,,,
316,APASEO EL GRANDE,,,,
760,APATZINGAN,,,,
646,APAXCO,,,,
361,APAXTLA,,,,
1993,APAZAPAN,,,,
1926,APETATITLAN DE ANTONIO CARVAJAL,,,,
1929,APIZACO,,,,
913,APODACA,,,,
761,APORO,,,,
2275,APOZOL,,,,
2276,APULCO,,,,
762,AQUILA,,,,
205,AQUILES SERDAN,,,,
1750,AQUISMON,,,,
1532,AQUIXTLA,,,,
914,ARAMBERRI,,,,
525,ARANDAS,,,,
362,ARCELIA,,,,
763,ARIO,,,,
1821,ARIVECHI,,,,
1822,ARIZPE,,,,
1751,ARMADILLO DE LOS INFANTE,,,,
71,ARMERIA,,,,
89,ARRIAGA,,,,
1725,ARROYO SECO,,,,
36,ARTEAGA,,,,
206,ASCENSION,,,,
2,ASIENTOS,,,,
1994,ASTACINGA,,,,
955,ASUNCION CACALOTEPEC,,,,
956,ASUNCION CUYOTEPEJI,,,,
957,ASUNCION IXTALTEPEC,,,,
958,ASUNCION NOCHIXTLAN,,,,
959,ASUNCION OCOTLAN,,,,
960,ASUNCION TLACOLULITA,,,,
317,ATARJEA,,,,
526,ATEMAJAC DE BRIZUELA,,,,
1533,ATEMPAN,,,,
363,ATENANGO DEL RIO,,,,
647,ATENCO,,,,
527,ATENGO,,,,
528,ATENGUILLO,,,,
1534,ATEXCAL,,,,
1823,ATIL,,,,
445,ATITALAQUIA,,,,
648,ATIZAPAN,,,,
649,ATIZAPAN DE ZARAGOZA,,,,
650,ATLACOMULCO,,,,
1995,ATLAHUILCO,,,,
364,ATLAMAJALCINGO DEL MONTE,,,,
1927,ATLANGATEPEC,,,,
446,ATLAPEXCO,,,,
860,ATLATLAHUCAN,,,,
651,ATLAUTLA,,,,
1590,ATLEQUIZAYAN,,,,
1535,ATLIXCO,,,,
365,ATLIXTAC,,,,
1928,ATLTZAYANCA,,,,
2277,ATOLINGA,,,,
448,ATOTONILCO DE TULA,,,,
529,ATOTONILCO EL ALTO,,,,
447,ATOTONILCO EL GRANDE,,,,
530,ATOYAC,,,,
366,ATOYAC DE ALVAREZ,,,,
1536,ATOYATEMPAN,,,,
1996,ATZACAN,,,,
1537,ATZALA,,,,
1997,ATZALAN,,,,
1538,ATZITZIHUACAN,,,,
1539,ATZITZINTLA,,,,
531,AUTLAN DE NAVARRO,,,,
652,AXAPUSCO,,,,
861,AXOCHIAPAN,,,,
1795,AXTLA DE TERRAZAS,,,,
1540,AXUTLA,,,,
1999,AYAHUALULCO,,,,
862,AYALA,,,,
653,AYAPANGO,,,,
1346,AYOQUEZCO DE ALDAMA,,,,
532,AYOTLAN,,,,
1541,AYOTOXCO DE GUERRERO,,,,
961,AYOTZINTEPEC,,,,
533,AYUTLA,,,,
367,AYUTLA DE LOS LIBRES,,,,
262,AZCAPOTZALCO,,,,
368,AZOYU,,,,
2174,BACA,,,,
1824,BACADEHUACHI,,,,
1746,BACALAR,,,,
1825,BACANORA,,,,
1826,BACERAC,,,,
207,BACHINIVA,,,,
1827,BACOACHI,,,,
1828,BACUM,,,,
1802,BADIRAGUATO,,,,
909,BAHIA DE BANDERAS,,,,
1881,BALANCAN,,,,
208,BALLEZA,,,,
1829,BANAMICHI,,,,
2000,BANDERILLA,,,,
209,BATOPILAS DE MANUEL GOMEZ MORIN,,,,
1830,BAVIACORA,,,,
1831,BAVISPE,,,,
90,BEJUCAL DE OCAMPO,,,,
91,BELLA VISTA,,,,
192,BENEMERITO DE LAS AMERICAS,,,,
274,BENITO JUAREZ,,,,
1832,BENJAMIN HILL,,,,
92,BERRIOZABAL,,,,
2001,BOCA DEL RIO,,,,
93,BOCHIL,,,,
210,BOCOYNA,,,,
2175,BOKOBA,,,,
535,BOLANOS,,,,
764,BRISENAS,,,,
2176,BUCTZOTZ,,,,
211,BUENAVENTURA,,,,
765,BUENAVISTA,,,,
369,BUENAVISTA DE CUELLAR,,,,
1898,BURGOS,,,,
915,BUSTAMANTE,,,,
536,CABO CORRIENTES,,,,
1833,CABORCA,,,,
95,CACAHOATAN,,,,
2177,CACALCHEN,,,,
1726,CADEREYTA DE MONTES,,,,
916,CADEREYTA JIMENEZ,,,,
1834,CAJEME,,,,
31,CALAKMUL,,,,
2002,CALCAHUALCO,,,,
2278,CALERA,,,,
963,CALIHUALA,,,,
654,CALIMAYA,,,,
22,CALKINI,,,,
449,CALNALI,,,,
2178,CALOTMUL,,,,
1542,CALPAN,,,,
1930,CALPULALPAN,,,,
1543,CALTEPEC,,,,
3,CALVILLO,,,,
212,CAMARGO,,,,
1983,CAMARON DE TEJEDA,,,,
2003,CAMERINO Z. MENDOZA,,,,
1544,CAMOCUAUTLA,,,,
23,CAMPECHE,,,,
1609,CANADA MORELOS,,,,
628,CANADAS DE OBREGON,,,,
1835,CANANEA,,,,
276,CANATLAN,,,,
37,CANDELA,,,,
32,CANDELARIA,,,,
964,CANDELARIA LOXICHA,,,,
277,CANELAS,,,,
2279,CANITAS DE FELIPE PESCADOR,,,,
2179,CANSAHCAB,,,,
2180,CANTAMAYEC,,,,
198,CAPITAN LUIS ANGEL VIDAL,,,,
1196,CAPULALPAM DE MENDEZ,,,,
655,CAPULHUAC,,,,
766,CARACUARO,,,,
1836,CARBO,,,,
1752,CARDENAS,,,,
450,CARDONAL,,,,
213,CARICHI,,,,
2166,CARLOS A. CARRILLO,,,,
24,CARMEN,,,,
2004,CARRILLO PUERTO,,,,
1899,CASAS,,,,
214,CASAS GRANDES,,,,
537,CASIMIRO CASTILLO,,,,
38,CASTANOS,,,,
2123,CASTILLO DE TEAYO,,,,
96,CATAZAJA,,,,
2005,CATEMACO,,,,
1753,CATORCE,,,,
1545,CAXHUACAN,,,,
2006,CAZONES DE HERRERA,,,,
1754,CEDRAL,,,,
318,CELAYA,,,,
2181,CELESTUN,,,,
2182,CENOTILLO,,,,
1882,CENTLA,,,,
1883,CENTRO,,,,
918,CERRALVO,,,,
1755,CERRITOS,,,,
2007,CERRO AZUL,,,,
1756,CERRO DE SAN PEDRO,,,,
2026,CHACALTIANGUIS,,,,
2186,CHACSINKIN,,,,
977,CHAHUITES,,,,
978,CHALCATONGO DE HIDALGO,,,,
1560,CHALCHICOMULA DE SESMA,,,,
102,CHALCHIHUITAN,,,,
2281,CHALCHIHUITES,,,,
661,CHALCO,,,,
2027,CHALMA,,,,
25,CHAMPOTON,,,,
103,CHAMULA,,,,
104,CHANAL,,,,
2187,CHANKOM,,,,
662,CHAPA DE MOTA,,,,
2188,CHAPAB,,,,
545,CHAPALA,,,,
452,CHAPANTONGO,,,,
1561,CHAPULCO,,,,
453,CHAPULHUACAN,,,,
105,CHAPULTENANGO,,,,
663,CHAPULTEPEC,,,,
774,CHARAPAN,,,,
1761,CHARCAS,,,,
775,CHARO,,,,
776,CHAVINDA,,,,
2189,CHEMAX,,,,
106,CHENALHO,,,,
777,CHERAN,,,,
107,CHIAPA DE CORZO,,,,
108,CHIAPILLA,,,,
1934,CHIAUTEMPAN,,,,
664,CHIAUTLA,,,,
1562,CHIAUTZINGO,,,,
2191,CHICHIMILA,,,,
1564,CHICHIQUILA,,,,
109,CHICOASEN,,,,
665,CHICOLOAPAN,,,,
110,CHICOMUSELO,,,,
2028,CHICONAMEL,,,,
666,CHICONCUAC,,,,
1563,CHICONCUAUTLA,,,,
2029,CHICONQUIACO,,,,
2030,CHICONTEPEC,,,,
2190,CHICXULUB PUEBLO,,,,
1565,CHIETLA,,,,
1566,CHIGMECATITLAN,,,,
1567,CHIGNAHUAPAN,,,,
1568,CHIGNAUTLA,,,,
219,CHIHUAHUA,,,,
2192,CHIKINDZONOT,,,,
1569,CHILA,,,,
1570,CHILA DE LA SAL,,,,
382,CHILAPA DE ALVAREZ,,,,
778,CHILCHOTA,,,,
1572,CHILCHOTLA,,,,
454,CHILCUAUTLA,,,,
111,CHILON,,,,
383,CHILPANCINGO DE LOS BRAVO,,,,
667,CHIMALHUACAN,,,,
546,CHIMALTITAN,,,,
920,CHINA,,,,
2031,CHINAMECA,,,,
2032,CHINAMPA DE GOROSTIZA,,,,
1573,CHINANTLA,,,,
779,CHINICUILA,,,,
220,CHINIPAS,,,,
979,CHIQUIHUITLAN DE BENITO JUAREZ,,,,
547,CHIQUILISTLAN,,,,
2034,CHOCAMAN,,,,
2193,CHOCHOLA,,,,
1806,CHOIX,,,,
2035,CHONTLA,,,,
780,CHUCANDIRO,,,,
2036,CHUMATLAN,,,,
2194,CHUMAYEL,,,,
781,CHURINTZIO,,,,
782,CHURUMUCO,,,,
919,CIENEGA DE FLORES,,,,
965,CIENEGA DE ZIMATLAN,,,,
538,CIHUATLAN,,,,
97,CINTALAPA,,,,
2008,CITLALTEPETL,,,,
1757,CIUDAD DEL MAIZ,,,,
1758,CIUDAD FERNANDEZ,,,,
966,CIUDAD IXTEPEC,,,,
1900,CIUDAD MADERO,,,,
1760,CIUDAD VALLES,,,,
656,COACALCO DE BERRIOZABAL,,,,
2009,COACOATZINTLA,,,,
767,COAHUAYANA,,,,
370,COAHUAYUTLA DE JOSE MARIA IZAZAGA,,,,
2010,COAHUITLAN,,,,
768,COALCOMAN DE VAZQUEZ PALLARES,,,,
98,COAPILLA,,,,
967,COATECAS ALTAS,,,,
1546,COATEPEC,,,,
657,COATEPEC HARINAS,,,,
890,COATETELCO,,,,
863,COATLAN DEL RIO,,,,
2011,COATZACOALCOS,,,,
1547,COATZINGO,,,,
2012,COATZINTLA,,,,
432,COCHOAPA EL GRANDE,,,,
658,COCOTITLAN,,,,
371,COCULA,,,,
769,COENEO,,,,
2013,COETZALA,,,,
1548,COHETZALA,,,,
1549,COHUECAN,,,,
968,COICOYAN DE LAS FLORES,,,,
822,COJUMATLAN DE REGULES,,,,
72,COLIMA,,,,
2014,COLIPA,,,,
1727,COLON,,,,
540,COLOTLAN,,,,
73,COMALA,,,,
1884,COMALCALCO,,,,
2015,COMAPA,,,,
99,COMITAN DE DOMINGUEZ,,,,
17,COMONDU,,,,
320,COMONFORT,,,,
895,COMPOSTELA,,,,
970,CONCEPCION BUENAVISTA,,,,
541,CONCEPCION DE BUENOS AIRES,,,,
2280,CONCEPCION DEL ORO,,,,
971,CONCEPCION PAPALO,,,,
1803,CONCORDIA,,,,
278,CONETO DE COMONFORT,,,,
2183,CONKAL,,,,
972,CONSTANCIA DEL ROSARIO,,,,
770,CONTEPEC,,,,
1942,CONTLA DE JUAN CUAMATZI,,,,
101,COPAINALA,,,,
372,COPALA,,,,
373,COPALILLO,,,,
374,COPANATOYAC,,,,
771,COPANDARO,,,,
74,COQUIMATLAN,,,,
2016,CORDOBA,,,,
215,CORONADO,,,,
1550,CORONANGO,,,,
321,CORONEO,,,,
1728,CORREGIDORA,,,,
322,CORTAZAR,,,,
1804,COSALA,,,,
2017,COSAMALOAPAN DE CARPIO,,,,
2018,COSAUTLAN DE CARVAJAL,,,,
2019,COSCOMATEPEC,,,,
4,COSIO,,,,
973,COSOLAPA,,,,
2020,COSOLEACAQUE,,,,
974,COSOLTEPEC,,,,
2021,COTAXTLA,,,,
772,COTIJA,,,,
1551,COXCATLAN,,,,
2022,COXQUIHUI,,,,
216,COYAME DEL SOTOL,,,,
263,COYOACAN,,,,
1552,COYOMEAPAN,,,,
659,COYOTEPEC,,,,
375,COYUCA DE BENITEZ,,,,
376,COYUCA DE CATALAN,,,,
2023,COYUTLA,,,,
1739,COZUMEL,,,,
1901,CRUILLAS,,,,
264,CUAJIMALPA DE MORELOS,,,,
377,CUAJINICUILAPA,,,,
378,CUALAC,,,,
1932,CUAPIAXTLA,,,,
1553,CUAPIAXTLA DE MADERO,,,,
39,CUATRO CIENEGAS,,,,
75,CUAUHTEMOC,,,,
1554,CUAUTEMPAN,,,,
379,CUAUTEPEC,,,,
451,CUAUTEPEC DE HINOJOSA,,,,
1555,CUAUTINCHAN,,,,
660,CUAUTITLAN,,,,
542,CUAUTITLAN DE GARCIA BARRAGAN,,,,
751,CUAUTITLAN IZCALLI,,,,
543,CUAUTLA,,,,
1556,CUAUTLANCINGO,,,,
1933,CUAXOMULCO,,,,
1557,CUAYUCA DE ANDRADE,,,,
1838,CUCURPE,,,,
279,CUENCAME,,,,
323,CUERAMARO,,,,
864,CUERNAVACA,,,,
380,CUETZALA DEL PROGRESO,,,,
1558,CUETZALAN DEL PROGRESO,,,,
2024,CUICHAPA,,,,
975,CUILAPAM DE GUERRERO,,,,
2025,CUITLAHUAC,,,,
773,CUITZEO,,,,
1805,CULIACAN,,,,
1839,CUMPAS,,,,
2184,CUNCUNUL,,,,
1885,CUNDUACAN,,,,
544,CUQUIO,,,,
218,CUSIHUIRIACHI,,,,
381,CUTZAMALA DE PINZON,,,,
976,CUYAMECALCO VILLA DE ZARAGOZA,,,,
1559,CUYOACO,,,,
2185,CUZAMA,,,,
548,DEGOLLADO,,,,
900,DEL NAYAR,,,,
221,DELICIAS,,,,
1840,DIVISADEROS,,,,
921,DOCTOR ARROYO,,,,
922,DOCTOR COSS,,,,
923,DOCTOR GONZALEZ,,,,
324,DOCTOR MORA,,,,
325,DOLORES HIDALGO CUNA DE LA INDEPENDENCIA NACIONAL,,,,
1574,DOMINGO ARENAS,,,,
668,DONATO GUERRA,,,,
222,DR. BELISARIO DOMINGUEZ,,,,
280,DURANGO,,,,
2195,DZAN,,,,
2196,DZEMUL,,,,
2197,DZIDZANTUN,,,,
2198,DZILAM DE BRAVO,,,,
2199,DZILAM GONZALEZ,,,,
2200,DZITAS,,,,
2201,DZONCAUICH,,,,
1762,EBANO,,,,
669,ECATEPEC DE MORELOS,,,,
670,ECATZINGO,,,,
783,ECUANDUREO,,,,
429,EDUARDO NERI,,,,
549,EJUTLA,,,,
444,EL ARENAL,,,,
962,EL BARRIO DE LA SOLEDAD,,,,
94,EL BOSQUE,,,,
917,EL CARMEN,,,,
1931,EL CARMEN TEQUEXQUITLA,,,,
982,EL ESPINAL,,,,
1809,EL FUERTE,,,,
552,EL GRULLO,,,,
2163,EL HIGO,,,,
568,EL LIMON,,,,
10,EL LLANO,,,,
1908,EL MANTE,,,,
1733,EL MARQUES,,,,
1799,EL NARANJO,,,,
291,EL ORO,,,,
200,EL PARRAL,,,,
2287,EL PLATEADO DE JOAQUIN AMARO,,,,
149,EL PORVENIR,,,,
584,EL SALTO,,,,
2308,EL SALVADOR,,,,
258,EL TULE,,,,
1807,ELOTA,,,,
455,ELOXOCHITLAN,,,,
981,ELOXOCHITLAN DE FLORES MAGON,,,,
201,EMILIANO ZAPATA,,,,
1841,EMPALME,,,,
550,ENCARNACION DE DIAZ,,,,
12,ENSENADA,,,,
1575,EPATLAN,,,,
456,EPAZOYUCAN,,,,
784,EPITACIO HUERTA,,,,
785,ERONGARICUARO,,,,
30,ESCARCEGA,,,,
40,ESCOBEDO,,,,
1808,ESCUINAPA,,,,
112,ESCUINTLA,,,,
1936,ESPANITA,,,,
1576,ESPERANZA,,,,
2037,ESPINAL,,,,
2202,ESPITA,,,,
1842,ETCHOJOA,,,,
551,ETZATLAN,,,,
1729,EZEQUIEL MONTES,,,,
1740,FELIPE CARRILLO PUERTO,,,,
2038,FILOMENO MATA,,,,
384,FLORENCIO VILLARREAL,,,,
2039,FORTIN,,,,
41,FRANCISCO I. MADERO,,,,
113,FRANCISCO LEON,,,,
1577,FRANCISCO Z. MENA,,,,
2282,FRESNILLO,,,,
984,FRESNILLO DE TRUJANO,,,,
42,FRONTERA,,,,
114,FRONTERA COMALAPA,,,,
115,FRONTERA HIDALGO,,,,
1843,FRONTERAS,,,,
786,GABRIEL ZAMORA,,,,
223,GALEANA,,,,
924,GARCIA,,,,
2284,GENARO CODINA,,,,
926,GENERAL BRAVO,,,,
385,GENERAL CANUTO A. NERI,,,,
43,GENERAL CEPEDA,,,,
2285,GENERAL ENRIQUE ESTRADA,,,,
927,GENERAL ESCOBEDO,,,,
1578,GENERAL FELIPE ANGELES,,,,
2286,GENERAL FRANCISCO R. MURGUIA,,,,
386,GENERAL HELIODORO CASTILLO,,,,
2288,GENERAL PANFILO NATERA,,,,
1879,GENERAL PLUTARCO ELIAS CALLES,,,,
281,GENERAL SIMON BOLIVAR,,,,
928,GENERAL TERAN,,,,
929,GENERAL TREVINO,,,,
930,GENERAL ZARAGOZA,,,,
931,GENERAL ZUAZUA,,,,
225,GOMEZ FARIAS,,,,
282,GOMEZ PALACIO,,,,
1902,GONZALEZ,,,,
226,GRAN MORELOS,,,,
1844,GRANADOS,,,,
553,GUACHINANGO,,,,
227,GUACHOCHI,,,,
554,GUADALAJARA,,,,
1763,GUADALCAZAR,,,,
228,GUADALUPE,,,,
986,GUADALUPE DE RAMIREZ,,,,
985,GUADALUPE ETLA,,,,
283,GUADALUPE VICTORIA,,,,
229,GUADALUPE Y CALVO,,,,
284,GUANACEVI,,,,
326,GUANAJUATO,,,,
1810,GUASAVE,,,,
1845,GUAYMAS,,,,
230,GUAZAPARES,,,,
987,GUELATAO DE JUAREZ,,,,
1903,GUEMEZ,,,,
44,GUERRERO,,,,
988,GUEVEA DE HUMBOLDT,,,,
265,GUSTAVO A. MADERO,,,,
1904,GUSTAVO DIAZ ORDAZ,,,,
2040,GUTIERREZ ZAMORA,,,,
2203,HALACHO,,,,
26,HECELCHAKAN,,,,
1579,HERMENEGILDO GALEANA,,,,
1846,HERMOSILLO,,,,
980,HEROICA CIUDAD DE EJUTLA DE CRESPO,,,,
990,HEROICA CIUDAD DE HUAJUAPAN DE LEON,,,,
1345,HEROICA CIUDAD DE TLAXIACO,,,,
1497,"HEROICA VILLA TEZOATLAN DE SEGURA Y LUNA, CUNA DE LA INDEPENDENCIA DE OAXACA",,,,
45,HIDALGO,,,,
231,HIDALGO DEL PARRAL,,,,
2041,HIDALGOTITLAN,,,,
933,HIGUERAS,,,,
2204,HOCABA,,,,
2205,HOCTUN,,,,
2206,HOMUN,,,,
203,HONDURAS DE LA SIERRA,,,,
1571,HONEY,,,,
27,HOPELCHEN,,,,
555,HOSTOTIPAQUILLO,,,,
1847,HUACHINERA,,,,
896,HUAJICORI,,,,
934,HUALAHUISES,,,,
1937,HUAMANTLA,,,,
387,HUAMUXTITLAN,,,,
788,HUANDACAREO,,,,
327,HUANIMARO,,,,
789,HUANIQUEO,,,,
2289,HUANUSCO,,,,
1580,HUAQUECHULA,,,,
1848,HUASABAS,,,,
457,HUASCA DE OCAMPO,,,,
1849,HUATABAMPO,,,,
1581,HUATLATLAUCA,,,,
2042,HUATUSCO,,,,
1582,HUAUCHINANGO,,,,
991,HUAUTEPEC,,,,
458,HUAUTLA,,,,
992,HUAUTLA DE JIMENEZ,,,,
2043,HUAYACOCOTLA,,,,
459,HUAZALINGO,,,,
117,HUEHUETAN,,,,
460,HUEHUETLA,,,,
1764,HUEHUETLAN,,,,
1583,HUEHUETLAN EL CHICO,,,,
1658,HUEHUETLAN EL GRANDE,,,,
671,HUEHUETOCA,,,,
232,HUEJOTITAN,,,,
1584,HUEJOTZINGO,,,,
556,HUEJUCAR,,,,
557,HUEJUQUILLA EL ALTO,,,,
461,HUEJUTLA DE REYES,,,,
1850,HUEPAC,,,,
790,HUETAMO,,,,
1585,HUEYAPAN,,,,
2044,HUEYAPAN DE OCAMPO,,,,
1938,HUEYOTLIPAN,,,,
672,HUEYPOXTLA,,,,
1586,HUEYTAMALCO,,,,
1587,HUEYTLALPAN,,,,
2207,HUHI,,,,
462,HUICHAPAN,,,,
2045,HUILOAPAN DE CUAUHTEMOC,,,,
1886,HUIMANGUILLO,,,,
1730,HUIMILPAN,,,,
791,HUIRAMBA,,,,
119,HUITIUPAN,,,,
865,HUITZILAC,,,,
1588,HUITZILAN DE SERDAN,,,,
1589,HUITZILTEPEC,,,,
388,HUITZUCO DE LOS FIGUEROA,,,,
673,HUIXQUILUCAN,,,,
118,HUIXTAN,,,,
120,HUIXTLA,,,,
2208,HUNUCMA,,,,
2046,IGNACIO DE LA LLAVE,,,,
233,IGNACIO ZARAGOZA,,,,
389,IGUALA DE LA INDEPENDENCIA,,,,
390,IGUALAPA,,,,
2047,ILAMATLAN,,,,
435,ILIATENCO,,,,
1851,IMURIS,,,,
792,INDAPARAPEO,,,,
285,INDE,,,,
328,IRAPUATO,,,,
793,IRIMBO,,,,
674,ISIDRO FABELA,,,,
2048,ISLA,,,,
1741,ISLA MUJERES,,,,
935,ITURBIDE,,,,
1591,IXCAMILPA DE GUERRERO,,,,
1592,IXCAQUIXTLA,,,,
391,IXCATEOPAN DE CUAUHTEMOC,,,,
2049,IXCATEPEC,,,,
2050,IXHUACAN DE LOS REYES,,,,
122,IXHUATAN,,,,
2054,IXHUATLAN DE MADERO,,,,
2051,IXHUATLAN DEL CAFE,,,,
2053,IXHUATLAN DEL SURESTE,,,,
2052,IXHUATLANCILLO,,,,
2209,IXIL,,,,
2055,IXMATLAHUACAN,,,,
463,IXMIQUILPAN,,,,
1016,IXPANTEPEC NIEVES,,,,
1593,IXTACAMAXTITLAN,,,,
123,IXTACOMITAN,,,,
1939,IXTACUIXTLA DE MARIANO MATAMOROS,,,,
2056,IXTACZOQUITLAN,,,,
124,IXTAPA,,,,
675,IXTAPALUCA,,,,
676,IXTAPAN DE LA SAL,,,,
677,IXTAPAN DEL ORO,,,,
125,IXTAPANGAJOYA,,,,
1940,IXTENCO,,,,
1594,IXTEPEC,,,,
678,IXTLAHUACA,,,,
76,IXTLAHUACAN,,,,
559,IXTLAHUACAN DE LOS MEMBRILLOS,,,,
560,IXTLAHUACAN DEL RIO,,,,
794,IXTLAN,,,,
993,IXTLAN DE JUAREZ,,,,
897,IXTLAN DEL RIO,,,,
2210,IZAMAL,,,,
266,IZTACALCO,,,,
267,IZTAPALAPA,,,,
1595,IZUCAR DE MATAMOROS,,,,
464,JACALA DE LEDEZMA,,,,
795,JACONA,,,,
898,JALA,,,,
2057,JALACINGO,,,,
1887,JALAPA,,,,
2059,JALCOMULCO,,,,
561,JALOSTOTITLAN,,,,
2290,JALPA,,,,
1888,JALPA DE MENDEZ,,,,
1596,JALPAN,,,,
1731,JALPAN DE SERRA,,,,
680,JALTENCO,,,,
2060,JALTIPAN,,,,
465,JALTOCAN,,,,
2061,JAMAPA,,,,
562,JAMAY,,,,
234,JANOS,,,,
866,JANTETELCO,,,,
329,JARAL DEL PROGRESO,,,,
1905,JAUMAVE,,,,
330,JERECUARO,,,,
2291,JEREZ,,,,
2062,JESUS CARRANZA,,,,
5,JESUS MARIA,,,,
681,JILOTEPEC,,,,
563,JILOTLAN DE LOS DOLORES,,,,
682,JILOTZINGO,,,,
46,JIMENEZ,,,,
2292,JIMENEZ DEL TEUL,,,,
796,JIQUILPAN,,,,
126,JIQUIPILAS,,,,
683,JIQUIPILCO,,,,
127,JITOTOL,,,,
867,JIUTEPEC,,,,
564,JOCOTEPEC,,,,
684,JOCOTITLAN,,,,
868,JOJUTLA,,,,
1597,JOLALPAN,,,,
869,JONACATEPEC DE LEANDRO VALLE,,,,
1598,JONOTLA,,,,
1889,JONUTA,,,,
1599,JOPALA,,,,
685,JOQUICINGO,,,,
2133,JOSE AZUETA,,,,
433,JOSE JOAQUIN DE HERRERA,,,,
1743,JOSE MARIA MORELOS,,,,
858,JOSE SIXTO VERDUZCO,,,,
2293,JUAN ALDAMA,,,,
1600,JUAN C. BONILLA,,,,
1601,JUAN GALINDO,,,,
1602,JUAN N. MENDEZ,,,,
393,JUAN R. ESCUDERO,,,,
2064,JUAN RODRIGUEZ CLARA,,,,
565,JUANACATLAN,,,,
47,JUAREZ,,,,
466,JUAREZ HIDALGO,,,,
2294,JUCHIPILA,,,,
2065,JUCHIQUE DE FERRER,,,,
434,JUCHITAN,,,,
994,JUCHITAN DE ZARAGOZA,,,,
686,JUCHITEPEC,,,,
566,JUCHITLAN,,,,
235,JULIMES,,,,
797,JUNGAPEO,,,,
2211,KANASIN,,,,
2212,KANTUNIL,,,,
2213,KAUA,,,,
2214,KINCHIL,,,,
2215,KOPOMA,,,,
1992,LA ANTIGUA,,,,
534,LA BARCA,,,,
1837,LA COLORADA,,,,
969,LA COMPANIA,,,,
100,LA CONCORDIA,,,,
217,LA CRUZ,,,,
116,LA GRANDEZA,,,,
787,LA HUACANA,,,,
558,LA HUERTA,,,,
121,LA INDEPENDENCIA,,,,
129,LA LIBERTAD,,,,
268,LA MAGDALENA CONTRERAS,,,,
1967,LA MAGDALENA TLALTELULCO,,,,
1605,LA MAGDALENA TLATLAUQUITEPEC,,,,
571,LA MANZANILLA DE LA PAZ,,,,
473,LA MISION,,,,
19,LA PAZ,,,,
1020,LA PE,,,,
2094,LA PERLA,,,,
817,LA PIEDAD,,,,
1027,LA REFORMA,,,,
1504,LA TRINIDAD VISTA HERMOSA,,,,
177,LA TRINITARIA,,,,
422,LA UNION DE ISIDORO MONTES DE OCA,,,,
908,LA YESCA,,,,
1603,LAFRAGUA,,,,
567,LAGOS DE MORENO,,,,
798,LAGUNILLAS,,,,
48,LAMADRID,,,,
936,LAMPAZOS DE NARANJO,,,,
1732,LANDA DE MATAMOROS,,,,
2066,LANDERO Y COSS,,,,
128,LARRAINZAR,,,,
2033,LAS CHOAPAS,,,,
131,LAS MARGARITAS,,,,
2076,LAS MINAS,,,,
154,LAS ROSAS,,,,
2099,LAS VIGAS DE RAMIREZ,,,,
802,LAZARO CARDENAS,,,,
331,LEON,,,,
394,LEONARDO BRAVO,,,,
286,LERDO,,,,
2067,LERDO DE TEJADA,,,,
687,LERMA,,,,
1604,LIBRES,,,,
937,LINARES,,,,
1906,LLERA,,,,
467,LOLOTLA,,,,
995,LOMA BONITA,,,,
236,LOPEZ,,,,
21,LORETO,,,,
911,LOS ALDAMAS,,,,
20,LOS CABOS,,,,
932,LOS HERRERAS,,,,
945,LOS RAMONES,,,,
823,LOS REYES,,,,
1626,LOS REYES DE JUAREZ,,,,
2295,LUIS MOYA,,,,
753,LUVIANOS,,,,
1890,MACUSPANA,,,,
237,MADERA,,,,
799,MADERO,,,,
569,MAGDALENA,,,,
996,MAGDALENA APASCO,,,,
997,MAGDALENA JALTEPEC,,,,
999,MAGDALENA MIXTEPEC,,,,
1000,MAGDALENA OCOTLAN,,,,
1001,MAGDALENA PENASCO,,,,
1002,MAGDALENA TEITIPAC,,,,
1003,MAGDALENA TEQUISISTLAN,,,,
1004,MAGDALENA TLACOTEPEC,,,,
1510,MAGDALENA YODOCONO DE PORFIRIO DIAZ,,,,
1005,MAGDALENA ZAHUATLAN,,,,
238,MAGUARICHI,,,,
1907,MAINERO,,,,
688,MALINALCO,,,,
395,MALINALTEPEC,,,,
2068,MALTRATA,,,,
2216,MAMA,,,,
2217,MANI,,,,
2069,MANLIO FABIO ALTAMIRANO,,,,
239,MANUEL BENAVIDES,,,,
319,MANUEL DOBLADO,,,,
77,MANZANILLO,,,,
130,MAPASTEPEC,,,,
287,MAPIMI,,,,
800,MARAVATIO,,,,
193,MARAVILLA TENEJAPA,,,,
801,MARCOS CASTELLANOS,,,,
2070,MARIANO ESCOBEDO,,,,
938,MARIN,,,,
1006,MARISCALA DE JUAREZ,,,,
431,MARQUELIA,,,,
194,MARQUES DE COMILLAS,,,,
2071,MARTINEZ DE LA TORRE,,,,
396,MARTIR DE CUILAPAN,,,,
1007,MARTIRES DE TACUBAYA,,,,
572,MASCOTA,,,,
240,MATACHI,,,,
49,MATAMOROS,,,,
1765,MATEHUALA,,,,
1008,MATIAS ROMERO AVENDANO,,,,
1798,MATLAPA,,,,
2218,MAXCANU,,,,
2219,MAYAPAN,,,,
573,MAZAMITLA,,,,
132,MAZAPA DE MADERO,,,,
2296,MAZAPIL,,,,
1606,MAZAPILTEPEC DE JUAREZ,,,,
133,MAZATAN,,,,
1941,MAZATECOCHCO DE JOSE MARIA MORELOS,,,,
870,MAZATEPEC,,,,
1811,MAZATLAN,,,,
1009,MAZATLAN VILLA DE FLORES,,,,
2072,MECATLAN,,,,
2073,MECAYAPAN,,,,
2074,MEDELLIN DE BRAVO,,,,
689,MELCHOR OCAMPO,,,,
1909,MENDEZ,,,,
241,MEOQUI,,,,
2220,MERIDA,,,,
989,MESONES HIDALGO,,,,
134,METAPA,,,,
468,METEPEC,,,,
397,METLATONOC,,,,
470,METZTITLAN,,,,
13,MEXICALI,,,,
690,MEXICALTZINGO,,,,
1766,MEXQUITIC DE CARMONA,,,,
574,MEXTICACAN,,,,
202,MEZCALAPA,,,,
288,MEZQUITAL,,,,
2297,MEZQUITAL DEL ORO,,,,
575,MEZQUITIC,,,,
871,MIACATLAN,,,,
2075,MIAHUATLAN,,,,
1010,MIAHUATLAN DE PORFIRIO DIAZ,,,,
1910,MIER,,,,
939,MIER Y NORIEGA,,,,
1911,MIGUEL ALEMAN,,,,
2298,MIGUEL AUZA,,,,
275,MIGUEL HIDALGO,,,,
269,MILPA ALTA,,,,
940,MINA,,,,
78,MINATITLAN,,,,
484,MINERAL DE LA REFORMA,,,,
471,MINERAL DEL CHICO,,,,
472,MINERAL DEL MONTE,,,,
1912,MIQUIHUANA,,,,
2077,MISANTLA,,,,
135,MITONTIC,,,,
1011,MIXISTLAN DE LA REFORMA,,,,
474,MIXQUIAHUALA DE JUAREZ,,,,
1607,MIXTLA,,,,
2078,MIXTLA DE ALTAMIRANO,,,,
576,MIXTLAN,,,,
398,MOCHITLAN,,,,
2221,MOCOCHA,,,,
1812,MOCORITO,,,,
1767,MOCTEZUMA,,,,
475,MOLANGO DE ESCAMILLA,,,,
1608,MOLCAXAC,,,,
2079,MOLOACAN,,,,
2299,MOMAX,,,,
50,MONCLOVA,,,,
1012,MONJAS,,,,
2300,MONTE ESCOBEDO,,,,
195,MONTECRISTO DE GUERRERO,,,,
941,MONTEMORELOS,,,,
942,MONTERREY,,,,
803,MORELIA,,,,
51,MORELOS,,,,
242,MORIS,,,,
332,MOROLEON,,,,
136,MOTOZINTLA,,,,
2222,MOTUL,,,,
2301,MOYAHUA DE ESTRADA,,,,
804,MUGICA,,,,
18,MULEGE,,,,
2223,MUNA,,,,
1935,MUNOZ DE DOMINGO ARENAS,,,,
2224,MUXUPIP,,,,
52,MUZQUIZ,,,,
1891,NACAJUCA,,,,
1852,NACO,,,,
1853,NACORI CHICO,,,,
1854,NACOZARI DE GARCIA,,,,
53,NADADORES,,,,
805,NAHUATZEN,,,,
243,NAMIQUIPA,,,,
1945,NANACAMILPA DE MARIANO ARISTA,,,,
2164,NANCHITAL DE LAZARO CARDENAS DEL RIO,,,,
2080,NAOLINCO,,,,
2081,NARANJAL,,,,
1989,NARANJOS AMATLAN,,,,
1013,NATIVIDAD,,,,
1947,NATIVITAS,,,,
691,NAUCALPAN DE JUAREZ,,,,
1610,NAUPAN,,,,
2082,NAUTLA,,,,
1611,NAUZONTLA,,,,
54,NAVA,,,,
1855,NAVOJOA,,,,
1816,NAVOLATO,,,,
1014,NAZARENO ETLA,,,,
289,NAZAS,,,,
1612,NEALTICAN,,,,
1015,NEJAPA DE MADERO,,,,
693,NEXTLALPAN,,,,
692,NEZAHUALCOYOTL,,,,
1613,NICOLAS BRAVO,,,,
476,NICOLAS FLORES,,,,
694,NICOLAS ROMERO,,,,
137,NICOLAS RUIZ,,,,
2302,NOCHISTLAN DE MEJIA,,,,
806,NOCUPETARO,,,,
1856,NOGALES,,,,
290,NOMBRE DE DIOS,,,,
244,NONOAVA,,,,
477,NOPALA DE VILLAGRAN,,,,
695,NOPALTEPEC,,,,
1614,NOPALUCAN,,,,
2303,NORIA DE ANGELES,,,,
245,NUEVO CASAS GRANDES,,,,
312,NUEVO IDEAL,,,,
1913,NUEVO LAREDO,,,,
1914,NUEVO MORELOS,,,,
807,NUEVO PARANGARICUTIRO,,,,
808,NUEVO URECHO,,,,
1452,NUEVO ZOQUIAPAM,,,,
809,NUMARAN,,,,
1018,OAXACA DE JUAREZ,,,,
55,OCAMPO,,,,
138,OCOSINGO,,,,
139,OCOTEPEC,,,,
577,OCOTLAN,,,,
1019,OCOTLAN DE MORELOS,,,,
696,OCOYOACAC,,,,
1615,OCOYUCAN,,,,
140,OCOZOCOAUTLA DE ESPINOSA,,,,
697,OCUILAN,,,,
872,OCUITUCO,,,,
246,OJINAGA,,,,
2304,OJOCALIENTE,,,,
578,OJUELOS DE JALISCO,,,,
399,OLINALA,,,,
1616,OLINTLA,,,,
2083,OLUTA,,,,
2084,OMEALCA,,,,
400,OMETEPEC,,,,
478,OMITLAN DE JUAREZ,,,,
1857,ONAVAS,,,,
2225,OPICHEN,,,,
1858,OPODEPE,,,,
1859,OQUITOA,,,,
1617,ORIENTAL,,,,
2085,ORIZABA,,,,
141,OSTUACAN,,,,
142,OSUMACINTA,,,,
292,OTAEZ,,,,
2086,OTATITLAN,,,,
2087,OTEAPAN,,,,
1742,OTHON P. BLANCO,,,,
698,OTUMBA,,,,
699,OTZOLOAPAN,,,,
700,OTZOLOTEPEC,,,,
143,OXCHUC,,,,
2226,OXKUTZCAB,,,,
2088,OZULUAMA DE MASCARENAS,,,,
701,OZUMBA,,,,
6,PABELLON DE ARTEAGA,,,,
481,PACHUCA DE SOTO,,,,
480,PACULA,,,,
1915,PADILLA,,,,
1618,PAHUATLAN,,,,
810,PAJACUARAN,,,,
2089,PAJAPAN,,,,
144,PALENQUE,,,,
28,PALIZADA,,,,
1619,PALMAR DE BRAVO,,,,
1916,PALMILLAS,,,,
2227,PANABA,,,,
811,PANINDICUARO,,,,
1948,PANOTLA,,,,
145,PANTELHO,,,,
146,PANTEPEC,,,,
2090,PANUCO,,,,
293,PANUCO DE CORONADO,,,,
702,PAPALOTLA,,,,
1963,PAPALOTLA DE XICOHTENCATL,,,,
2091,PAPANTLA,,,,
813,PARACHO,,,,
812,PARACUARO,,,,
1892,PARAISO,,,,
943,PARAS,,,,
56,PARRAS,,,,
2093,PASO DE OVEJAS,,,,
2092,PASO DEL MACHO,,,,
814,PATZCUARO,,,,
401,PEDRO ASCENCIO ALQUISIRAS,,,,
1734,PEDRO ESCOBEDO,,,,
1735,PENAMILLER,,,,
815,PENJAMILLO,,,,
333,PENJAMO,,,,
294,PENON BLANCO,,,,
816,PERIBAN,,,,
2095,PEROTE,,,,
944,PESQUERIA,,,,
402,PETATLAN,,,,
1620,PETLALCINGO,,,,
2228,PETO,,,,
1621,PIAXTLA,,,,
147,PICHUCALCO,,,,
57,PIEDRAS NEGRAS,,,,
579,PIHUAMO,,,,
148,PIJIJIAPAN,,,,
403,PILCAYA,,,,
1724,PINAL DE AMOLES,,,,
2305,PINOS,,,,
1021,PINOTEPA DE DON LUIS,,,,
482,PISAFLORES,,,,
1860,PITIQUITO,,,,
2096,PLATON SANCHEZ,,,,
2097,PLAYA VICENTE,,,,
16,PLAYAS DE ROSARITO,,,,
1022,PLUMA HIDALGO,,,,
295,POANAS,,,,
703,POLOTITLAN,,,,
580,PONCITLAN,,,,
2098,POZA RICA DE HIDALGO,,,,
247,PRAXEDIS G. GUERRERO,,,,
58,PROGRESO,,,,
483,PROGRESO DE OBREGON,,,,
1622,PUEBLA,,,,
296,PUEBLO NUEVO,,,,
151,PUEBLO NUEVO SOLISTAHUACAN,,,,
2100,PUEBLO VIEJO,,,,
873,PUENTE DE IXTLA,,,,
2101,PUENTE NACIONAL,,,,
1747,PUERTO MORELOS,,,,
1861,PUERTO PENASCO,,,,
581,PUERTO VALLARTA,,,,
404,PUNGARABATO,,,,
818,PUREPERO,,,,
334,PURISIMA DEL RINCON,,,,
819,PURUANDIRO,,,,
1024,PUTLA VILLA DE GUERRERO,,,,
1623,QUECHOLAC,,,,
405,QUECHULTENANGO,,,,
820,QUERENDARO,,,,
1736,QUERETARO,,,,
1624,QUIMIXTLAN,,,,
2229,QUINTANA ROO,,,,
1862,QUIRIEGO,,,,
821,QUIROGA,,,,
583,QUITUPAN,,,,
2102,RAFAEL DELGADO,,,,
1625,RAFAEL LARA GRAJALES,,,,
2103,RAFAEL LUCIO,,,,
59,RAMOS ARIZPE,,,,
152,RAYON,,,,
946,RAYONES,,,,
153,REFORMA,,,,
1026,REFORMA DE PINEDA,,,,
1028,REYES ETLA,,,,
1917,REYNOSA,,,,
199,RINCON CHAMULA SAN PEDRO,,,,
7,RINCON DE ROMOS,,,,
2104,RIO BLANCO,,,,
1918,RIO BRAVO,,,,
2306,RIO GRANDE,,,,
2230,RIO LAGARTOS,,,,
1768,RIOVERDE,,,,
248,RIVA PALACIO,,,,
297,RODEO,,,,
1029,ROJAS DE CUAUHTEMOC,,,,
335,ROMITA,,,,
249,ROSALES,,,,
901,ROSAMORADA,,,,
250,ROSARIO,,,,
902,RUIZ,,,,
155,SABANILLA,,,,
60,SABINAS,,,,
947,SABINAS HIDALGO,,,,
2231,SACALUM,,,,
61,SACRAMENTO,,,,
1863,SAHUARIPA,,,,
824,SAHUAYO,,,,
2307,SAIN ALTO,,,,
336,SALAMANCA,,,,
1030,SALINA CRUZ,,,,
1769,SALINAS,,,,
948,SALINAS VICTORIA,,,,
2105,SALTABARRANCA,,,,
62,SALTILLO,,,,
156,SALTO DE AGUA,,,,
1813,SALVADOR ALVARADO,,,,
826,SALVADOR ESCALANTE,,,,
337,SALVATIERRA,,,,
2232,SAMAHIL,,,,
1031,SAN AGUSTIN AMATENGO,,,,
1032,SAN AGUSTIN ATENANGO,,,,
1033,SAN AGUSTIN CHAYUCO,,,,
1034,SAN AGUSTIN DE LAS JUNTAS,,,,
1035,SAN AGUSTIN ETLA,,,,
1036,SAN AGUSTIN LOXICHA,,,,
469,SAN AGUSTIN METZQUITITLAN,,,,
1037,SAN AGUSTIN TLACOTEPEC,,,,
485,SAN AGUSTIN TLAXIACA,,,,
1038,SAN AGUSTIN YATARENI,,,,
1039,SAN ANDRES CABECERA NUEVA,,,,
1627,SAN ANDRES CHOLULA,,,,
1040,SAN ANDRES DINICUITI,,,,
196,SAN ANDRES DURAZNAL,,,,
1041,SAN ANDRES HUAXPALTEPEC,,,,
1042,SAN ANDRES HUAYAPAM,,,,
1043,SAN ANDRES IXTLAHUACA,,,,
1044,SAN ANDRES LAGUNAS,,,,
1045,SAN ANDRES NUXINO,,,,
1046,SAN ANDRES PAXTLAN,,,,
1047,SAN ANDRES SINAXTLA,,,,
1048,SAN ANDRES SOLAGA,,,,
2106,SAN ANDRES TENEJAPAN,,,,
1049,SAN ANDRES TEOTILALPAM,,,,
1050,SAN ANDRES TEPETLAPA,,,,
2107,SAN ANDRES TUXTLA,,,,
1051,SAN ANDRES YAA,,,,
1052,SAN ANDRES ZABACHE,,,,
1053,SAN ANDRES ZAUTLA,,,,
1054,SAN ANTONINO CASTILLO VELASCO,,,,
1055,SAN ANTONINO EL ALTO,,,,
1056,SAN ANTONINO MONTE VERDE,,,,
1770,SAN ANTONIO,,,,
1057,SAN ANTONIO ACUTLA,,,,
1628,SAN ANTONIO CANADA,,,,
1058,SAN ANTONIO DE LA CAL,,,,
1059,SAN ANTONIO HUITEPEC,,,,
704,SAN ANTONIO LA ISLA,,,,
1060,SAN ANTONIO NANAHUATIPAM,,,,
1061,SAN ANTONIO SINICAHUA,,,,
1062,SAN ANTONIO TEPETLAPA,,,,
1063,SAN BALTAZAR CHICHICAPAM,,,,
1064,SAN BALTAZAR LOXICHA,,,,
1065,SAN BALTAZAR YATZACHI EL BAJO,,,,
1066,SAN BARTOLO COYOTEPEC,,,,
1072,SAN BARTOLO SOYALTEPEC,,,,
486,SAN BARTOLO TUTOTEPEC,,,,
1073,SAN BARTOLO YAUTEPEC,,,,
1067,SAN BARTOLOME AYAUTLA,,,,
1068,SAN BARTOLOME LOXICHA,,,,
1069,SAN BARTOLOME QUIALANA,,,,
1070,SAN BARTOLOME YUCUANE,,,,
1071,SAN BARTOLOME ZOOGOCHO,,,,
298,SAN BERNARDO,,,,
1074,SAN BERNARDO MIXTEPEC,,,,
903,SAN BLAS,,,,
1075,SAN BLAS ATEMPA,,,,
63,SAN BUENAVENTURA,,,,
1919,SAN CARLOS,,,,
1076,SAN CARLOS YAUTEPEC,,,,
1771,SAN CIRO DE ACOSTA,,,,
1077,SAN CRISTOBAL AMATLAN,,,,
1078,SAN CRISTOBAL AMOLTEPEC,,,,
585,SAN CRISTOBAL DE LA BARRANCA,,,,
157,SAN CRISTOBAL DE LAS CASAS,,,,
1079,SAN CRISTOBAL LACHIRIOAG,,,,
1080,SAN CRISTOBAL SUCHIXTLAHUACA,,,,
1968,SAN DAMIAN TEXOLOC,,,,
586,SAN DIEGO DE ALEJANDRIA,,,,
338,SAN DIEGO DE LA UNION,,,,
1629,SAN DIEGO LA MESA TOCHIMILTZINGO,,,,
299,SAN DIMAS,,,,
1081,SAN DIONISIO DEL MAR,,,,
1082,SAN DIONISIO OCOTEPEC,,,,
1083,SAN DIONISIO OCOTLAN,,,,
1084,SAN ESTEBAN ATATLAHUCA,,,,
339,SAN FELIPE,,,,
1864,SAN FELIPE DE JESUS,,,,
705,SAN FELIPE DEL PROGRESO,,,,
1085,SAN FELIPE JALAPA DE DIAZ,,,,
479,SAN FELIPE ORIZATLAN,,,,
1086,SAN FELIPE TEJALAPAM,,,,
1630,SAN FELIPE TEOTLALCINGO,,,,
1631,SAN FELIPE TEPATLAN,,,,
1087,SAN FELIPE USILA,,,,
158,SAN FERNANDO,,,,
1088,SAN FRANCISCO CAHUACUA,,,,
1089,SAN FRANCISCO CAJONOS,,,,
1090,SAN FRANCISCO CHAPULAPA,,,,
1091,SAN FRANCISCO CHINDUA,,,,
251,SAN FRANCISCO DE BORJA,,,,
252,SAN FRANCISCO DE CONCHOS,,,,
11,SAN FRANCISCO DE LOS ROMO,,,,
1092,SAN FRANCISCO DEL MAR,,,,
253,SAN FRANCISCO DEL ORO,,,,
340,SAN FRANCISCO DEL RINCON,,,,
1093,SAN FRANCISCO HUEHUETLAN,,,,
1094,SAN FRANCISCO IXHUATAN,,,,
1095,SAN FRANCISCO JALTEPETONGO,,,,
1096,SAN FRANCISCO LACHIGOLO,,,,
1097,SAN FRANCISCO LOGUECHE,,,,
1098,SAN FRANCISCO NUXANO,,,,
1099,SAN FRANCISCO OZOLOTEPEC,,,,
1100,SAN FRANCISCO SOLA,,,,
1101,SAN FRANCISCO TELIXTLAHUACA,,,,
1102,SAN FRANCISCO TEOPAN,,,,
1969,SAN FRANCISCO TETLANOHCAN,,,,
1103,SAN FRANCISCO TLAPANCINGO,,,,
624,SAN GABRIEL,,,,
1632,SAN GABRIEL CHILAC,,,,
1104,SAN GABRIEL MIXTEPEC,,,,
1633,SAN GREGORIO ATZOMPA,,,,
1814,SAN IGNACIO,,,,
636,SAN IGNACIO CERRO GORDO,,,,
1880,SAN IGNACIO RIO MUERTO,,,,
1105,SAN ILDEFONSO AMATLAN,,,,
1106,SAN ILDEFONSO SOLA,,,,
1107,SAN ILDEFONSO VILLA ALTA,,,,
1108,SAN JACINTO AMILPAS,,,,
1109,SAN JACINTO TLACOTEPEC,,,,
1865,SAN JAVIER,,,,
1110,SAN JERONIMO COATLAN,,,,
1111,SAN JERONIMO SILACAYOAPILLA,,,,
1112,SAN JERONIMO SOSOLA,,,,
1113,SAN JERONIMO TAVICHE,,,,
1114,SAN JERONIMO TECOATL,,,,
1634,SAN JERONIMO TECUANIPAN,,,,
1498,SAN JERONIMO TLACOCHAHUAYA,,,,
1635,SAN JERONIMO XAYACATLAN,,,,
1970,SAN JERONIMO ZACUALPAN,,,,
1737,SAN JOAQUIN,,,,
1115,SAN JORGE NUCHITA,,,,
1116,SAN JOSE AYUQUILA,,,,
1636,SAN JOSE CHIAPA,,,,
1117,SAN JOSE CHILTEPEC,,,,
8,SAN JOSE DE GRACIA,,,,
1118,SAN JOSE DEL PENASCO,,,,
1023,SAN JOSE DEL PROGRESO,,,,
754,SAN JOSE DEL RINCON,,,,
1119,SAN JOSE ESTANCIA GRANDE,,,,
1120,SAN JOSE INDEPENDENCIA,,,,
341,SAN JOSE ITURBIDE,,,,
1121,SAN JOSE LACHIGUIRI,,,,
1637,SAN JOSE MIAHUATLAN,,,,
1971,SAN JOSE TEACALCO,,,,
1122,SAN JOSE TENANGO,,,,
1123,SAN JUAN ACHIUTLA,,,,
1638,SAN JUAN ATENCO,,,,
1124,SAN JUAN ATEPEC,,,,
1639,SAN JUAN ATZOMPA,,,,
1126,SAN JUAN BAUTISTA ATATLAHUCA,,,,
1127,SAN JUAN BAUTISTA COIXTLAHUACA,,,,
1128,SAN JUAN BAUTISTA CUICATLAN,,,,
1129,SAN JUAN BAUTISTA GUELACHE,,,,
1130,SAN JUAN BAUTISTA JAYACATLAN,,,,
1131,SAN JUAN BAUTISTA LO DE SOTO,,,,
1132,SAN JUAN BAUTISTA SUCHITEPEC,,,,
1134,SAN JUAN BAUTISTA TLACHICHILCO,,,,
1133,SAN JUAN BAUTISTA TLACOATZINTEPEC,,,,
1135,SAN JUAN BAUTISTA TUXTEPEC,,,,
1507,SAN JUAN BAUTISTA VALLE NACIONAL,,,,
1136,SAN JUAN CACAHUATEPEC,,,,
190,SAN JUAN CANCUC,,,,
1142,SAN JUAN CHICOMEZUCHIL,,,,
1143,SAN JUAN CHILATECA,,,,
1137,SAN JUAN CIENEGUILLA,,,,
1138,SAN JUAN COATZOSPAM,,,,
1139,SAN JUAN COLORADO,,,,
1140,SAN JUAN COMALTEPEC,,,,
1141,SAN JUAN COTZOCON,,,,
300,SAN JUAN DE GUADALUPE,,,,
1156,SAN JUAN DE LOS CUES,,,,
587,SAN JUAN DE LOS LAGOS,,,,
64,SAN JUAN DE SABINAS,,,,
1144,SAN JUAN DEL ESTADO,,,,
301,SAN JUAN DEL RIO,,,,
1145,SAN JUAN DIUXI,,,,
2108,SAN JUAN EVANGELISTA,,,,
1146,SAN JUAN EVANGELISTA ANALCO,,,,
1147,SAN JUAN GUELAVIA,,,,
1148,SAN JUAN GUICHICOVI,,,,
1972,SAN JUAN HUACTZINCO,,,,
1149,SAN JUAN IHUALTEPEC,,,,
1150,SAN JUAN JUQUILA MIXES,,,,
1151,SAN JUAN JUQUILA VIJANOS,,,,
1152,SAN JUAN LACHAO,,,,
1153,SAN JUAN LACHIGALLA,,,,
1154,SAN JUAN LAJARCIA,,,,
1155,SAN JUAN LALANA,,,,
1157,SAN JUAN MAZATLAN,,,,
1158,SAN JUAN MIXTEPEC,,,,
1159,SAN JUAN NUMI,,,,
1160,SAN JUAN OZOLOTEPEC,,,,
1161,SAN JUAN PETLAPA,,,,
1162,SAN JUAN QUIAHIJE,,,,
1163,SAN JUAN QUIOTEPEC,,,,
1164,SAN JUAN SAYULTEPEC,,,,
1165,SAN JUAN TABAA,,,,
1166,SAN JUAN TAMAZOLA,,,,
1167,SAN JUAN TEITA,,,,
1168,SAN JUAN TEITIPAC,,,,
1169,SAN JUAN TEPEUXILA,,,,
1170,SAN JUAN TEPOSCOLULA,,,,
1171,SAN JUAN YAEE,,,,
1172,SAN JUAN YATZONA,,,,
1173,SAN JUAN YUCUITA,,,,
524,SAN JUANITO DE ESCOBEDO,,,,
588,SAN JULIAN,,,,
1174,SAN LORENZO,,,,
1175,SAN LORENZO ALBARRADAS,,,,
1973,SAN LORENZO AXOCOMANITLA,,,,
1176,SAN LORENZO CACAOTEPEC,,,,
1177,SAN LORENZO CUAUNECUILTITLA,,,,
1178,SAN LORENZO TEXMELUCAN,,,,
1179,SAN LORENZO VICTORIA,,,,
188,SAN LUCAS,,,,
1180,SAN LUCAS CAMOTLAN,,,,
1181,SAN LUCAS OJITLAN,,,,
1182,SAN LUCAS QUIAVINI,,,,
1974,SAN LUCAS TECOPILCO,,,,
1183,SAN LUCAS ZOQUIAPAM,,,,
406,SAN LUIS ACATLAN,,,,
1184,SAN LUIS AMATLAN,,,,
342,SAN LUIS DE LA PAZ,,,,
302,SAN LUIS DEL CORDERO,,,,
1772,SAN LUIS POTOSI,,,,
1866,SAN LUIS RIO COLORADO,,,,
1185,SAN MARCIAL OZOLOTEPEC,,,,
407,SAN MARCOS,,,,
1186,SAN MARCOS ARTEAGA,,,,
1773,SAN MARTIN CHALCHICUAUTLA,,,,
589,SAN MARTIN DE BOLANOS,,,,
706,SAN MARTIN DE LAS PIRAMIDES,,,,
1187,SAN MARTIN DE LOS CANSECOS,,,,
590,SAN MARTIN HIDALGO,,,,
1188,SAN MARTIN HUAMELULPAM,,,,
1189,SAN MARTIN ITUNYOSO,,,,
1190,SAN MARTIN LACHILA,,,,
1191,SAN MARTIN PERAS,,,,
1640,SAN MARTIN TEXMELUCAN,,,,
1192,SAN MARTIN TILCAJETE,,,,
1641,SAN MARTIN TOTOLTEPEC,,,,
1193,SAN MARTIN TOXPALAN,,,,
1194,SAN MARTIN ZACATEPEC,,,,
707,SAN MATEO ATENCO,,,,
1195,SAN MATEO CAJONOS,,,,
1197,SAN MATEO DEL MAR,,,,
1199,SAN MATEO ETLATONGO,,,,
1200,SAN MATEO NEJAPAM,,,,
1201,SAN MATEO PENASCO,,,,
1202,SAN MATEO PINAS,,,,
1203,SAN MATEO RIO HONDO,,,,
1204,SAN MATEO SINDIHUI,,,,
1205,SAN MATEO TLAPILTEPEC,,,,
1198,SAN MATEO YOLOXOCHITLAN,,,,
1514,SAN MATEO YUCUTINDOO,,,,
1642,SAN MATIAS TLALANCALECA,,,,
1206,SAN MELCHOR BETAZA,,,,
1207,SAN MIGUEL ACHIUTLA,,,,
1208,SAN MIGUEL AHUEHUETITLAN,,,,
1209,SAN MIGUEL ALOAPAM,,,,
1210,SAN MIGUEL AMATITLAN,,,,
1211,SAN MIGUEL AMATLAN,,,,
1213,SAN MIGUEL CHICAHUA,,,,
1214,SAN MIGUEL CHIMALAPA,,,,
1212,SAN MIGUEL COATLAN,,,,
314,SAN MIGUEL DE ALLENDE,,,,
1867,SAN MIGUEL DE HORCASITAS,,,,
1215,SAN MIGUEL DEL PUERTO,,,,
1216,SAN MIGUEL DEL RIO,,,,
1217,SAN MIGUEL EJUTLA,,,,
591,SAN MIGUEL EL ALTO,,,,
1218,SAN MIGUEL EL GRANDE,,,,
1219,SAN MIGUEL HUAUTLA,,,,
1643,SAN MIGUEL IXITLAN,,,,
1220,SAN MIGUEL MIXTEPEC,,,,
1221,SAN MIGUEL PANIXTLAHUACA,,,,
1222,SAN MIGUEL PERAS,,,,
1223,SAN MIGUEL PIEDRAS,,,,
1224,SAN MIGUEL QUETZALTEPEC,,,,
1225,SAN MIGUEL SANTA FLOR,,,,
1227,SAN MIGUEL SOYALTEPEC,,,,
1228,SAN MIGUEL SUCHIXTEPEC,,,,
1230,SAN MIGUEL TECOMATLAN,,,,
1231,SAN MIGUEL TENANGO,,,,
1232,SAN MIGUEL TEQUIXTEPEC,,,,
1233,SAN MIGUEL TILQUIAPAM,,,,
1234,SAN MIGUEL TLACAMAMA,,,,
1235,SAN MIGUEL TLACOTEPEC,,,,
408,SAN MIGUEL TOTOLAPAN,,,,
1236,SAN MIGUEL TULANCINGO,,,,
1644,SAN MIGUEL XOXTLA,,,,
1237,SAN MIGUEL YOTAO,,,,
1238,SAN NICOLAS,,,,
1645,SAN NICOLAS BUENOS AIRES,,,,
949,SAN NICOLAS DE LOS GARZA,,,,
1646,SAN NICOLAS DE LOS RANCHOS,,,,
1239,SAN NICOLAS HIDALGO,,,,
1774,SAN NICOLAS TOLENTINO,,,,
1647,SAN PABLO ANICANO,,,,
1240,SAN PABLO COATLAN,,,,
1241,SAN PABLO CUATRO VENADOS,,,,
1949,SAN PABLO DEL MONTE,,,,
1242,SAN PABLO ETLA,,,,
1243,SAN PABLO HUITZO,,,,
1244,SAN PABLO HUIXTEPEC,,,,
1245,SAN PABLO MACUILTIANGUIS,,,,
1246,SAN PABLO TIJALTEPEC,,,,
1247,SAN PABLO VILLA DE MITLA,,,,
1248,SAN PABLO YAGANIZA,,,,
65,SAN PEDRO,,,,
1249,SAN PEDRO AMUZGOS,,,,
1250,SAN PEDRO APOSTOL,,,,
1251,SAN PEDRO ATOYAC,,,,
1252,SAN PEDRO CAJONOS,,,,
1648,SAN PEDRO CHOLULA,,,,
1254,SAN PEDRO COMITANCILLO,,,,
1253,SAN PEDRO COXCALTEPEC CANTAROS,,,,
1868,SAN PEDRO DE LA CUEVA,,,,
303,SAN PEDRO DEL GALLO,,,,
1255,SAN PEDRO EL ALTO,,,,
925,SAN PEDRO GARZA GARCIA,,,,
1256,SAN PEDRO HUAMELULA,,,,
1257,SAN PEDRO HUILOTEPEC,,,,
1258,SAN PEDRO IXCATLAN,,,,
1259,SAN PEDRO IXTLAHUACA,,,,
1260,SAN PEDRO JALTEPETONGO,,,,
1261,SAN PEDRO JICAYAN,,,,
1262,SAN PEDRO JOCOTIPAC,,,,
1263,SAN PEDRO JUCHATENGO,,,,
904,SAN PEDRO LAGUNILLAS,,,,
1264,SAN PEDRO MARTIR,,,,
1265,SAN PEDRO MARTIR QUIECHAPA,,,,
1266,SAN PEDRO MARTIR YUCUXACO,,,,
1267,SAN PEDRO MIXTEPEC,,,,
1268,SAN PEDRO MOLINOS,,,,
1269,SAN PEDRO NOPALA,,,,
1270,SAN PEDRO OCOPETATILLO,,,,
1271,SAN PEDRO OCOTEPEC,,,,
1272,SAN PEDRO POCHUTLA,,,,
1273,SAN PEDRO QUIATONI,,,,
1274,SAN PEDRO SOCHIAPAM,,,,
1275,SAN PEDRO TAPANATEPEC,,,,
1276,SAN PEDRO TAVICHE,,,,
1277,SAN PEDRO TEOZACOALCO,,,,
1278,SAN PEDRO TEUTILA,,,,
1279,SAN PEDRO TIDAA,,,,
610,SAN PEDRO TLAQUEPAQUE,,,,
1280,SAN PEDRO TOPILTEPEC,,,,
1281,SAN PEDRO TOTOLAPAM,,,,
1285,SAN PEDRO Y SAN PABLO AYUTLA,,,,
1287,SAN PEDRO Y SAN PABLO TEPOSCOLULA,,,,
1288,SAN PEDRO Y SAN PABLO TEQUIXTEPEC,,,,
1283,SAN PEDRO YANERI,,,,
1649,SAN PEDRO YELOIXTLAHUACA,,,,
1284,SAN PEDRO YOLOX,,,,
1289,SAN PEDRO YUCUNAMA,,,,
2169,SAN RAFAEL,,,,
1290,SAN RAYMUNDO JALPAN,,,,
487,SAN SALVADOR,,,,
1650,SAN SALVADOR EL SECO,,,,
1651,SAN SALVADOR EL VERDE,,,,
1652,SAN SALVADOR HUIXCOLOTLA,,,,
1291,SAN SEBASTIAN ABASOLO,,,,
1292,SAN SEBASTIAN COATLAN,,,,
592,SAN SEBASTIAN DEL OESTE,,,,
1293,SAN SEBASTIAN IXCAPA,,,,
1294,SAN SEBASTIAN NICANANDUTA,,,,
1295,SAN SEBASTIAN RIO HONDO,,,,
1296,SAN SEBASTIAN TECOMAXTLAHUACA,,,,
1297,SAN SEBASTIAN TEITIPAC,,,,
1653,SAN SEBASTIAN TLACOTEPEC,,,,
1298,SAN SEBASTIAN TUTLA,,,,
1299,SAN SIMON ALMOLONGAS,,,,
708,SAN SIMON DE GUERRERO,,,,
1300,SAN SIMON ZAHUATLAN,,,,
1482,SAN VICENTE COATLAN,,,,
1483,SAN VICENTE LACHIXIO,,,,
1484,SAN VICENTE NUNU,,,,
1777,SAN VICENTE TANCUAYALAB,,,,
2233,SANAHCAT,,,,
1944,SANCTORUM DE LAZARO CARDENAS,,,,
1301,SANTA ANA,,,,
1302,SANTA ANA ATEIXTLAHUACA,,,,
1303,SANTA ANA CUAUHTEMOC,,,,
1304,SANTA ANA DEL VALLE,,,,
825,SANTA ANA MAYA,,,,
1975,SANTA ANA NOPALUCAN,,,,
1305,SANTA ANA TAVELA,,,,
1306,SANTA ANA TLAPACOYAN,,,,
1307,SANTA ANA YARENI,,,,
1308,SANTA ANA ZEGACHE,,,,
1976,SANTA APOLONIA TEACALCO,,,,
254,SANTA BARBARA,,,,
1309,SANTA CATALINA QUIERI,,,,
343,SANTA CATARINA,,,,
1977,SANTA CATARINA AYOMETLA,,,,
1310,SANTA CATARINA CUIXTLA,,,,
1311,SANTA CATARINA IXTEPEJI,,,,
1312,SANTA CATARINA JUQUILA,,,,
1313,SANTA CATARINA LACHATAO,,,,
1314,SANTA CATARINA LOXICHA,,,,
1315,SANTA CATARINA MECHOACAN,,,,
1316,SANTA CATARINA MINAS,,,,
1317,SANTA CATARINA QUIANE,,,,
1025,SANTA CATARINA QUIOQUITANI,,,,
1318,SANTA CATARINA TAYATA,,,,
1319,SANTA CATARINA TICUA,,,,
1654,SANTA CATARINA TLALTEMPAN,,,,
1320,SANTA CATARINA YOSONOTU,,,,
1321,SANTA CATARINA ZAPOQUILA,,,,
304,SANTA CLARA,,,,
1869,SANTA CRUZ,,,,
1322,SANTA CRUZ ACATEPEC,,,,
1323,SANTA CRUZ AMILPAS,,,,
1324,SANTA CRUZ DE BRAVO,,,,
344,SANTA CRUZ DE JUVENTINO ROSAS,,,,
1325,SANTA CRUZ ITUNDUJIA,,,,
1326,SANTA CRUZ MIXTEPEC,,,,
1327,SANTA CRUZ NUNDACO,,,,
1328,SANTA CRUZ PAPALUTLA,,,,
1978,SANTA CRUZ QUILEHTLA,,,,
1329,SANTA CRUZ TACACHE DE MINA,,,,
1330,SANTA CRUZ TACAHUA,,,,
1331,SANTA CRUZ TAYATA,,,,
1950,SANTA CRUZ TLAXCALA,,,,
1332,SANTA CRUZ XITLA,,,,
1333,SANTA CRUZ XOXOCOTLAN,,,,
1334,SANTA CRUZ ZENZONTEPEC,,,,
2234,SANTA ELENA,,,,
1335,SANTA GERTRUDIS,,,,
1655,SANTA INES AHUATEMPAN,,,,
1517,SANTA INES DE ZARAGOZA,,,,
1336,SANTA INES DEL MONTE,,,,
1337,SANTA INES YATZECHE,,,,
224,SANTA ISABEL,,,,
1656,SANTA ISABEL CHOLULA,,,,
1979,SANTA ISABEL XILOXOXTLA,,,,
1338,SANTA LUCIA DEL CAMINO,,,,
1339,SANTA LUCIA MIAHUATLAN,,,,
1340,SANTA LUCIA MONTEVERDE,,,,
1341,SANTA LUCIA OCOTLAN,,,,
998,SANTA MAGDALENA JICOTLAN,,,,
1342,SANTA MARIA ALOTEPEC,,,,
1343,SANTA MARIA APAZCO,,,,
1347,SANTA MARIA ATZOMPA,,,,
1348,SANTA MARIA CAMOTLAN,,,,
1352,SANTA MARIA CHACHOAPAM,,,,
1354,SANTA MARIA CHILCHOTLA,,,,
1355,SANTA MARIA CHIMALAPA,,,,
1349,SANTA MARIA COLOTEPEC,,,,
1350,SANTA MARIA CORTIJO,,,,
1351,SANTA MARIA COYOTEPEC,,,,
2324,SANTA MARIA DE LA PAZ,,,,
593,SANTA MARIA DE LOS ANGELES,,,,
570,SANTA MARIA DEL ORO,,,,
1775,SANTA MARIA DEL RIO,,,,
1356,SANTA MARIA DEL ROSARIO,,,,
1357,SANTA MARIA DEL TULE,,,,
1358,SANTA MARIA ECATEPEC,,,,
1359,SANTA MARIA GUELACE,,,,
1360,SANTA MARIA GUIENAGATI,,,,
1361,SANTA MARIA HUATULCO,,,,
1362,SANTA MARIA HUAZOLOTITLAN,,,,
1363,SANTA MARIA IPALAPA,,,,
1364,SANTA MARIA IXCATLAN,,,,
1365,SANTA MARIA JACATEPEC,,,,
1366,SANTA MARIA JALAPA DEL MARQUES,,,,
1367,SANTA MARIA JALTIANGUIS,,,,
1344,SANTA MARIA LA ASUNCION,,,,
1368,SANTA MARIA LACHIXIO,,,,
1369,SANTA MARIA MIXTEQUILLA,,,,
1370,SANTA MARIA NATIVITAS,,,,
1371,SANTA MARIA NDUAYACO,,,,
1372,SANTA MARIA OZOLOTEPEC,,,,
1373,SANTA MARIA PAPALO,,,,
1374,SANTA MARIA PENOLES,,,,
1375,SANTA MARIA PETAPA,,,,
1376,SANTA MARIA QUIEGOLANI,,,,
1377,SANTA MARIA SOLA,,,,
1378,SANTA MARIA TATALTEPEC,,,,
1379,SANTA MARIA TECOMAVACA,,,,
1380,SANTA MARIA TEMAXCALAPA,,,,
1381,SANTA MARIA TEMAXCALTEPEC,,,,
1382,SANTA MARIA TEOPOXCO,,,,
1383,SANTA MARIA TEPANTLALI,,,,
1384,SANTA MARIA TEXCATITLAN,,,,
1385,SANTA MARIA TLAHUITOLTEPEC,,,,
1386,SANTA MARIA TLALIXTAC,,,,
1387,SANTA MARIA TONAMECA,,,,
1388,SANTA MARIA TOTOLAPILLA,,,,
1389,SANTA MARIA XADANI,,,,
1390,SANTA MARIA YALINA,,,,
1391,SANTA MARIA YAVESIA,,,,
1392,SANTA MARIA YOLOTEPEC,,,,
1393,SANTA MARIA YOSOYUA,,,,
1394,SANTA MARIA YUCUHITI,,,,
1395,SANTA MARIA ZACATEPEC,,,,
1396,SANTA MARIA ZANIZA,,,,
1397,SANTA MARIA ZOQUITLAN,,,,
950,SANTIAGO,,,,
1398,SANTIAGO AMOLTEPEC,,,,
1399,SANTIAGO APOALA,,,,
1400,SANTIAGO APOSTOL,,,,
1401,SANTIAGO ASTATA,,,,
1402,SANTIAGO ATITLAN,,,,
1403,SANTIAGO AYUQUILILLA,,,,
1404,SANTIAGO CACALOXTEPEC,,,,
1405,SANTIAGO CAMOTLAN,,,,
1408,SANTIAGO CHOAPAM,,,,
1406,SANTIAGO COMALTEPEC,,,,
488,SANTIAGO DE ANAYA,,,,
1409,SANTIAGO DEL RIO,,,,
197,SANTIAGO EL PINAR,,,,
1410,SANTIAGO HUAJOLOTITLAN,,,,
1411,SANTIAGO HUAUCLILLA,,,,
1412,SANTIAGO IHUITLAN PLUMAS,,,,
1413,SANTIAGO IXCUINTEPEC,,,,
905,SANTIAGO IXCUINTLA,,,,
1414,SANTIAGO IXTAYUTLA,,,,
1415,SANTIAGO JAMILTEPEC,,,,
1416,SANTIAGO JOCOTEPEC,,,,
1417,SANTIAGO JUXTLAHUACA,,,,
1418,SANTIAGO LACHIGUIRI,,,,
1419,SANTIAGO LALOPA,,,,
1420,SANTIAGO LAOLLAGA,,,,
1421,SANTIAGO LAXOPA,,,,
1422,SANTIAGO LLANO GRANDE,,,,
345,SANTIAGO MARAVATIO,,,,
1423,SANTIAGO MATATLAN,,,,
1657,SANTIAGO MIAHUATLAN,,,,
1424,SANTIAGO MILTEPEC,,,,
1425,SANTIAGO MINAS,,,,
1426,SANTIAGO NACALTEPEC,,,,
1427,SANTIAGO NEJAPILLA,,,,
1017,SANTIAGO NILTEPEC,,,,
1428,SANTIAGO NUNDICHE,,,,
1429,SANTIAGO NUYOO,,,,
305,SANTIAGO PAPASQUIARO,,,,
1430,SANTIAGO PINOTEPA NACIONAL,,,,
2170,SANTIAGO SOCHIAPAN,,,,
1431,SANTIAGO SUCHILQUITONGO,,,,
1432,SANTIAGO TAMAZOLA,,,,
1433,SANTIAGO TAPEXTLA,,,,
1435,SANTIAGO TENANGO,,,,
1436,SANTIAGO TEPETLAPA,,,,
1437,SANTIAGO TETEPEC,,,,
1438,SANTIAGO TEXCALCINGO,,,,
1439,SANTIAGO TEXTITLAN,,,,
1440,SANTIAGO TILANTONGO,,,,
1441,SANTIAGO TILLO,,,,
1442,SANTIAGO TLAZOYALTEPEC,,,,
489,SANTIAGO TULANTEPEC DE LUGO GUERRERO,,,,
2109,SANTIAGO TUXTLA,,,,
1443,SANTIAGO XANICA,,,,
1444,SANTIAGO XIACUI,,,,
1445,SANTIAGO YAITEPEC,,,,
1446,SANTIAGO YAVEO,,,,
1447,SANTIAGO YOLOMECATL,,,,
1448,SANTIAGO YOSONDUA,,,,
1449,SANTIAGO YUCUYACHI,,,,
1450,SANTIAGO ZACATEPEC,,,,
1451,SANTIAGO ZOOCHILA,,,,
1776,SANTO DOMINGO,,,,
1454,SANTO DOMINGO ALBARRADAS,,,,
1455,SANTO DOMINGO ARMENTA,,,,
1456,SANTO DOMINGO CHIHUITAN,,,,
1457,SANTO DOMINGO DE MORELOS,,,,
1453,SANTO DOMINGO INGENIO,,,,
1458,SANTO DOMINGO IXCATLAN,,,,
1459,SANTO DOMINGO NUXAA,,,,
1460,SANTO DOMINGO OZOLOTEPEC,,,,
1461,SANTO DOMINGO PETAPA,,,,
1462,SANTO DOMINGO ROAYAGA,,,,
1463,SANTO DOMINGO TEHUANTEPEC,,,,
1464,SANTO DOMINGO TEOJOMULCO,,,,
1465,SANTO DOMINGO TEPUXTEPEC,,,,
1466,SANTO DOMINGO TLATAYAPAM,,,,
1467,SANTO DOMINGO TOMALTEPEC,,,,
1468,SANTO DOMINGO TONALA,,,,
1469,SANTO DOMINGO TONALTEPEC,,,,
1470,SANTO DOMINGO XAGACIA,,,,
1471,SANTO DOMINGO YANHUITLAN,,,,
1472,SANTO DOMINGO YODOHINO,,,,
1473,SANTO DOMINGO ZANATEPEC,,,,
709,SANTO TOMAS,,,,
1659,SANTO TOMAS HUEYOTLIPAN,,,,
1478,SANTO TOMAS JALIEZA,,,,
1479,SANTO TOMAS MAZALTEPEC,,,,
1480,SANTO TOMAS OCOTEPEC,,,,
1481,SANTO TOMAS TAMAZULAPAN,,,,
1474,SANTOS REYES NOPALA,,,,
1475,SANTOS REYES PAPALO,,,,
1476,SANTOS REYES TEPEJILLO,,,,
1477,SANTOS REYES YUCUNA,,,,
1870,SARIC,,,,
255,SATEVO,,,,
256,SAUCILLO,,,,
594,SAYULA,,,,
2110,SAYULA DE ALEMAN,,,,
827,SENGUIO,,,,
2235,SEYE,,,,
66,SIERRA MOJADA,,,,
1485,SILACAYOAPAM,,,,
346,SILAO DE LA VICTORIA,,,,
159,SILTEPEC,,,,
160,SIMOJOVEL,,,,
1815,SINALOA,,,,
2236,SINANCHE,,,,
490,SINGUILUCAN,,,,
161,SITALA,,,,
1486,SITIO DE XITLAPEHUA,,,,
2112,SOCHIAPA,,,,
162,SOCOLTENANGO,,,,
2111,SOCONUSCO,,,,
2113,SOLEDAD ATZOMPA,,,,
2114,SOLEDAD DE DOBLADO,,,,
1778,SOLEDAD DE GRACIANO SANCHEZ,,,,
1487,SOLEDAD ETLA,,,,
1744,SOLIDARIDAD,,,,
163,SOLOSUCHIAPA,,,,
1660,SOLTEPEC,,,,
2309,SOMBRERETE,,,,
2115,SOTEAPAN,,,,
1920,SOTO LA MARINA,,,,
2237,SOTUTA,,,,
164,SOYALO,,,,
710,SOYANIQUILPAN DE JUAREZ,,,,
1871,SOYOPA,,,,
1872,SUAQUI GRANDE,,,,
165,SUCHIAPA,,,,
166,SUCHIATE,,,,
306,SUCHIL,,,,
2238,SUCILA,,,,
2239,SUDZAL,,,,
711,SULTEPEC,,,,
2240,SUMA,,,,
167,SUNUAPA,,,,
2310,SUSTICACAN,,,,
828,SUSUPUATO,,,,
2311,TABASCO,,,,
829,TACAMBARO,,,,
1893,TACOTALPA,,,,
2241,TAHDZIU,,,,
2242,TAHMEK,,,,
595,TALA,,,,
596,TALPA DE ALLENDE,,,,
2116,TAMALIN,,,,
1779,TAMASOPO,,,,
307,TAMAZULA,,,,
597,TAMAZULA DE GORDIANO,,,,
983,TAMAZULAPAM DEL ESPIRITU SANTO,,,,
1780,TAMAZUNCHALE,,,,
2117,TAMIAHUA,,,,
1781,TAMPACAN,,,,
1782,TAMPAMOLON CORONA,,,,
1921,TAMPICO,,,,
2118,TAMPICO ALTO,,,,
1783,TAMUIN,,,,
1759,TANCANHUITZ,,,,
830,TANCITARO,,,,
2119,TANCOCO,,,,
1489,TANETZE DE ZARAGOZA,,,,
831,TANGAMANDAPIO,,,,
832,TANGANCICUARO,,,,
833,TANHUATO,,,,
1490,TANICHE,,,,
1784,TANLAJAS,,,,
1785,TANQUIAN DE ESCOBEDO,,,,
2120,TANTIMA,,,,
2121,TANTOYUCA,,,,
168,TAPACHULA,,,,
169,TAPALAPA,,,,
598,TAPALPA,,,,
170,TAPILULA,,,,
347,TARANDACUAO,,,,
834,TARETAN,,,,
835,TARIMBARO,,,,
348,TARIMORO,,,,
491,TASQUILLO,,,,
2167,TATAHUICAPAN DE JUAREZ,,,,
1491,TATALTEPEC DE VALDES,,,,
2122,TATATILA,,,,
409,TAXCO DE ALARCON,,,,
2243,TEABO,,,,
1894,TEAPA,,,,
1661,TECALI DE HERRERA,,,,
599,TECALITLAN,,,,
712,TECAMAC,,,,
1662,TECAMACHALCO,,,,
14,TECATE,,,,
601,TECHALUTA DE MONTENEGRO,,,,
410,TECOANAPA,,,,
2244,TECOH,,,,
600,TECOLOTLAN,,,,
2124,TECOLUTLA,,,,
79,TECOMAN,,,,
1663,TECOMATLAN,,,,
492,TECOZAUTLA,,,,
411,TECPAN DE GALEANA,,,,
171,TECPATAN,,,,
906,TECUALA,,,,
1664,TEHUACAN,,,,
2125,TEHUIPANGO,,,,
1665,TEHUITZINGO,,,,
713,TEJUPILCO,,,,
2245,TEKAL DE VENEGAS,,,,
2246,TEKANTO,,,,
2247,TEKAX,,,,
2248,TEKIT,,,,
2249,TEKOM,,,,
2250,TELCHAC PUEBLO,,,,
2251,TELCHAC PUERTO,,,,
412,TELOLOAPAN,,,,
714,TEMAMATLA,,,,
715,TEMASCALAPA,,,,
716,TEMASCALCINGO,,,,
717,TEMASCALTEPEC,,,,
2252,TEMAX,,,,
874,TEMIXCO,,,,
889,TEMOAC,,,,
718,TEMOAYA,,,,
257,TEMOSACHIC,,,,
2253,TEMOZON,,,,
2127,TEMPOAL,,,,
29,TENABO,,,,
602,TENAMAXTLAN,,,,
2128,TENAMPA,,,,
1666,TENAMPULCO,,,,
719,TENANCINGO,,,,
493,TENANGO DE DORIA,,,,
720,TENANGO DEL AIRE,,,,
721,TENANGO DEL VALLE,,,,
172,TENEJAPA,,,,
2129,TENOCHTITLAN,,,,
1895,TENOSIQUE,,,,
603,TEOCALTICHE,,,,
2130,TEOCELO,,,,
1492,TEOCOCUILCO DE MARCOS PEREZ,,,,
604,TEOCUITATLAN DE CORONA,,,,
1951,TEOLOCHOLCO,,,,
722,TEOLOYUCAN,,,,
1667,TEOPANTLAN,,,,
173,TEOPISCA,,,,
723,TEOTIHUACAN,,,,
1493,TEOTITLAN DE FLORES MAGON,,,,
1494,TEOTITLAN DEL VALLE,,,,
1668,TEOTLALCO,,,,
1495,TEOTONGO,,,,
1873,TEPACHE,,,,
2254,TEPAKAN,,,,
836,TEPALCATEPEC,,,,
875,TEPALCINGO,,,,
1669,TEPANCO DE LOPEZ,,,,
1670,TEPANGO DE RODRIGUEZ,,,,
605,TEPATITLAN DE MORELOS,,,,
2131,TEPATLAXCO,,,,
1671,TEPATLAXCO DE HIDALGO,,,,
1672,TEPEACA,,,,
494,TEPEAPULCO,,,,
2312,TEPECHITLAN,,,,
413,TEPECOACUILCO DE TRUJANO,,,,
495,TEPEHUACAN DE GUERRERO,,,,
308,TEPEHUANES,,,,
496,TEPEJI DEL RIO DE OCAMPO,,,,
1496,TEPELMEME VILLA DE MORELOS,,,,
1673,TEPEMAXALCO,,,,
1674,TEPEOJUMA,,,,
1943,TEPETITLA DE LARDIZABAL,,,,
497,TEPETITLAN,,,,
2132,TEPETLAN,,,,
724,TEPETLAOXTOC,,,,
725,TEPETLIXPA,,,,
2313,TEPETONGO,,,,
1675,TEPETZINTLA,,,,
1676,TEPEXCO,,,,
1677,TEPEXI DE RODRIGUEZ,,,,
1678,TEPEYAHUALCO,,,,
1679,TEPEYAHUALCO DE CUAUHTEMOC,,,,
1952,TEPEYANCO,,,,
9,TEPEZALA,,,,
907,TEPIC,,,,
726,TEPOTZOTLAN,,,,
876,TEPOZTLAN,,,,
606,TEQUILA,,,,
1738,TEQUISQUIAPAN,,,,
727,TEQUIXQUIAC,,,,
1953,TERRENATE,,,,
877,TETECALA,,,,
1680,TETELA DE OCAMPO,,,,
878,TETELA DEL VOLCAN,,,,
1681,TETELES DE AVILA CASTILLO,,,,
498,TETEPANGO,,,,
414,TETIPAC,,,,
2255,TETIZ,,,,
1954,TETLA DE LA SOLIDARIDAD,,,,
1955,TETLATLAHUCA,,,,
607,TEUCHITLAN,,,,
2314,TEUL DE GONZALEZ ORTEGA,,,,
728,TEXCALTITLAN,,,,
729,TEXCALYACAC,,,,
2134,TEXCATEPEC,,,,
730,TEXCOCO,,,,
2135,TEXHUACAN,,,,
2136,TEXISTEPEC,,,,
2256,TEYA,,,,
1682,TEZIUTLAN,,,,
2137,TEZONAPA,,,,
500,TEZONTEPEC DE ALDAMA,,,,
731,TEZOYUCA,,,,
1683,TIANGUISMANALCO,,,,
732,TIANGUISTENCO,,,,
501,TIANGUISTENGO,,,,
2257,TICUL,,,,
349,TIERRA BLANCA,,,,
1786,TIERRA NUEVA,,,,
2138,TIHUATLAN,,,,
15,TIJUANA,,,,
174,TILA,,,,
1684,TILAPA,,,,
733,TIMILPAN,,,,
2258,TIMUCUY,,,,
837,TINGAMBATO,,,,
838,TINGUINDIN,,,,
2259,TINUM,,,,
839,TIQUICHEO DE NICOLAS ROMERO,,,,
2260,TIXCACALCUPUL,,,,
2261,TIXKOKOB,,,,
2262,TIXMEHUAC,,,,
2263,TIXPEHUAL,,,,
415,TIXTLA DE GUERRERO,,,,
608,TIZAPAN EL ALTO,,,,
502,TIZAYUCA,,,,
2264,TIZIMIN,,,,
2143,TLACHICHILCO,,,,
1687,TLACHICHUCA,,,,
416,TLACOACHISTLAHUACA,,,,
417,TLACOAPA,,,,
2139,TLACOJALPAN,,,,
1499,TLACOLULA DE MATAMOROS,,,,
2140,TLACOLULAN,,,,
2141,TLACOTALPAN,,,,
1685,TLACOTEPEC DE BENITO JUAREZ,,,,
2142,TLACOTEPEC DE MEJIA,,,,
1500,TLACOTEPEC PLUMAS,,,,
1686,TLACUILOTEPEC,,,,
271,TLAHUAC,,,,
309,TLAHUALILO,,,,
1688,TLAHUAPAN,,,,
503,TLAHUELILPAN,,,,
504,TLAHUILTEPA,,,,
609,TLAJOMULCO DE ZUNIGA,,,,
418,TLALCHAPA,,,,
2144,TLALIXCOYAN,,,,
1501,TLALIXTAC DE CABRERA,,,,
419,TLALIXTAQUILLA DE MALDONADO,,,,
734,TLALMANALCO,,,,
2145,TLALNELHUAYOCAN,,,,
879,TLALNEPANTLA,,,,
735,TLALNEPANTLA DE BAZ,,,,
272,TLALPAN,,,,
840,TLALPUJAHUA,,,,
1689,TLALTENANGO,,,,
2315,TLALTENANGO DE SANCHEZ ROMAN,,,,
1998,TLALTETELA,,,,
880,TLALTIZAPAN DE ZAPATA,,,,
505,TLANALAPA,,,,
506,TLANCHINOL,,,,
1690,TLANEPANTLA,,,,
1691,TLAOLA,,,,
420,TLAPA DE COMONFORT,,,,
1692,TLAPACOYA,,,,
2146,TLAPACOYAN,,,,
1693,TLAPANALA,,,,
421,TLAPEHUALA,,,,
2147,TLAQUILPA,,,,
881,TLAQUILTENANGO,,,,
1694,TLATLAUQUITEPEC,,,,
736,TLATLAYA,,,,
1956,TLAXCALA,,,,
1695,TLAXCO,,,,
507,TLAXCOAPAN,,,,
882,TLAYACAPAN,,,,
841,TLAZAZALCA,,,,
2148,TLILAPAN,,,,
1957,TOCATLAN,,,,
1696,TOCHIMILCO,,,,
1697,TOCHTEPEC,,,,
842,TOCUMBO,,,,
508,TOLCAYUCA,,,,
611,TOLIMAN,,,,
737,TOLUCA,,,,
612,TOMATLAN,,,,
175,TONALA,,,,
755,TONANITLA,,,,
738,TONATICO,,,,
613,TONAYA,,,,
2149,TONAYAN,,,,
614,TONILA,,,,
310,TOPIA,,,,
67,TORREON,,,,
615,TOTATICHE,,,,
1958,TOTOLAC,,,,
176,TOTOLAPA,,,,
883,TOTOLAPAN,,,,
1698,TOTOLTEPEC DE GUERRERO,,,,
1502,TOTONTEPEC VILLA DE MORELOS,,,,
616,TOTOTLAN,,,,
2150,TOTUTLA,,,,
2323,TRANCOSO,,,,
2165,TRES VALLES,,,,
1874,TRINCHERAS,,,,
2283,TRINIDAD GARCIA DE LA CADENA,,,,
1503,TRINIDAD ZAACHILA,,,,
1875,TUBUTAMA,,,,
1922,TULA,,,,
509,TULA DE ALLENDE,,,,
510,TULANCINGO DE BRAVO,,,,
1699,TULCINGO,,,,
739,TULTEPEC,,,,
740,TULTITLAN,,,,
1745,TULUM,,,,
178,TUMBALA,,,,
843,TUMBISCATIO,,,,
2265,TUNKAS,,,,
844,TURICATO,,,,
617,TUXCACUESCO,,,,
618,TUXCUECA,,,,
619,TUXPAN,,,,
2151,TUXTILLA,,,,
180,TUXTLA CHICO,,,,
179,TUXTLA GUTIERREZ,,,,
1700,TUZAMAPAN DE GALEANA,,,,
181,TUZANTAN,,,,
845,TUZANTLA,,,,
1701,TZICATLACOYAN,,,,
182,TZIMOL,,,,
846,TZINTZUNTZAN,,,,
847,TZITZIO,,,,
1960,TZOMPANTEPEC,,,,
2266,TZUCACAB,,,,
2267,UAYMA,,,,
2268,UCU,,,,
2269,UMAN,,,,
620,UNION DE SAN ANTONIO,,,,
621,UNION DE TULA,,,,
1505,UNION HIDALGO,,,,
183,UNION JUAREZ,,,,
1876,URES,,,,
350,URIANGATO,,,,
259,URIQUE,,,,
2152,URSULO GALVAN,,,,
260,URUACHI,,,,
848,URUAPAN,,,,
2168,UXPANAPA,,,,
1506,VALERIO TRUJANO,,,,
2270,VALLADOLID,,,,
741,VALLE DE BRAVO,,,,
752,VALLE DE CHALCO SOLIDARIDAD,,,,
622,VALLE DE GUADALUPE,,,,
623,VALLE DE JUAREZ,,,,
351,VALLE DE SANTIAGO,,,,
261,VALLE DE ZARAGOZA,,,,
1923,VALLE HERMOSO,,,,
951,VALLECILLO,,,,
2316,VALPARAISO,,,,
1787,VANEGAS,,,,
2153,VEGA DE ALATORRE,,,,
1788,VENADO,,,,
184,VENUSTIANO CARRANZA,,,,
2154,VERACRUZ,,,,
2317,VETAGRANDE,,,,
311,VICENTE GUERRERO,,,,
352,VICTORIA,,,,
68,VIESCA,,,,
2155,VILLA ALDAMA,,,,
150,VILLA COMALTITLAN,,,,
625,VILLA CORONA,,,,
185,VILLA CORZO,,,,
742,VILLA DE ALLENDE,,,,
80,VILLA DE ALVAREZ,,,,
1797,VILLA DE ARISTA,,,,
1789,VILLA DE ARRIAGA,,,,
1353,VILLA DE CHILAPA DE DIAZ,,,,
2318,VILLA DE COS,,,,
1286,VILLA DE ETLA,,,,
1790,VILLA DE GUADALUPE,,,,
1791,VILLA DE LA PAZ,,,,
1792,VILLA DE RAMOS,,,,
1793,VILLA DE REYES,,,,
1407,VILLA DE SANTIAGO CHAZUMBA,,,,
1488,VILLA DE TAMAZULAPAM DEL PROGRESO,,,,
499,VILLA DE TEZONTEPEC,,,,
1282,VILLA DE TUTUTEPEC,,,,
1513,VILLA DE ZAACHILA,,,,
743,VILLA DEL CARBON,,,,
1508,VILLA DIAZ ORDAZ,,,,
2319,VILLA GARCIA,,,,
2320,VILLA GONZALEZ ORTEGA,,,,
626,VILLA GUERRERO,,,,
627,VILLA HIDALGO,,,,
1794,VILLA JUAREZ,,,,
1877,VILLA PESQUEIRA,,,,
582,VILLA PURIFICACION,,,,
1226,VILLA SOLA DE VEGA,,,,
1229,VILLA TALEA DE CASTRO,,,,
1434,VILLA TEJUPAM DE LA UNION,,,,
69,VILLA UNION,,,,
744,VILLA VICTORIA,,,,
186,VILLAFLORES,,,,
353,VILLAGRAN,,,,
952,VILLALDAMA,,,,
849,VILLAMAR,,,,
2321,VILLANUEVA,,,,
850,VISTA HERMOSA,,,,
2058,XALAPA,,,,
679,XALATLACO,,,,
899,XALISCO,,,,
1961,XALOZTOC,,,,
423,XALPATLAHUAC,,,,
1962,XALTOCAN,,,,
1702,XAYACATLAN DE BRAVO,,,,
354,XICHU,,,,
2063,XICO,,,,
1964,XICOHTZINCO,,,,
1924,XICOTENCATL,,,,
1703,XICOTEPEC,,,,
1704,XICOTLAN,,,,
1796,XILITLA,,,,
1705,XIUTETELCO,,,,
2271,XOCCHEL,,,,
1706,XOCHIAPULCO,,,,
511,XOCHIATIPAN,,,,
512,XOCHICOATLAN,,,,
424,XOCHIHUEHUETLAN,,,,
1707,XOCHILTEPEC,,,,
273,XOCHIMILCO,,,,
425,XOCHISTLAHUACA,,,,
884,XOCHITEPEC,,,,
1708,XOCHITLAN DE VICENTE SUAREZ,,,,
1709,XOCHITLAN TODOS SANTOS,,,,
745,XONACATLAN,,,,
891,XOXOCOTLA,,,,
513,YAHUALICA,,,,
629,YAHUALICA DE GONZALEZ GALLO,,,,
187,YAJALON,,,,
2156,YANGA,,,,
1710,YAONAHUAC,,,,
1965,YAUHQUEMEHCAN,,,,
885,YAUTEPEC,,,,
2272,YAXCABA,,,,
1509,YAXE,,,,
2273,YAXKUKUL,,,,
886,YECAPIXTLA,,,,
1878,YECORA,,,,
2157,YECUATLA,,,,
1711,YEHUALTEPEC,,,,
2274,YOBAIN,,,,
1511,YOGANA,,,,
851,YURECUARO,,,,
355,YURIRIA,,,,
1512,YUTANDUCHI DE GUERRERO,,,,
1712,ZACAPALA,,,,
1713,ZACAPOAXTLA,,,,
852,ZACAPU,,,,
2322,ZACATECAS,,,,
1966,ZACATELCO,,,,
887,ZACATEPEC,,,,
1714,ZACATLAN,,,,
746,ZACAZONAPAN,,,,
630,ZACOALCO DE TORRES,,,,
747,ZACUALPAN,,,,
888,ZACUALPAN DE AMILPAS,,,,
514,ZACUALTIPAN DE ANGELES,,,,
853,ZAMORA,,,,
631,ZAPOPAN,,,,
632,ZAPOTILTIC,,,,
1715,ZAPOTITLAN,,,,
1716,ZAPOTITLAN DE MENDEZ,,,,
633,ZAPOTITLAN DE VADILLO,,,,
1515,ZAPOTITLAN LAGUNAS,,,,
1516,ZAPOTITLAN PALMAS,,,,
426,ZAPOTITLAN TABLAS,,,,
515,ZAPOTLAN DE JUAREZ,,,,
634,ZAPOTLAN DEL REY,,,,
539,ZAPOTLAN EL GRANDE,,,,
635,ZAPOTLANEJO,,,,
70,ZARAGOZA,,,,
1717,ZAUTLA,,,,
516,ZEMPOALA,,,,
2158,ZENTLA,,,,
392,ZIHUATANEJO DE AZUETA,,,,
1718,ZIHUATEUTLA,,,,
1959,ZILTLALTEPEC DE TRINIDAD SANCHEZ SANTOS,,,,
517,ZIMAPAN,,,,
1518,ZIMATLAN DE ALVAREZ,,,,
189,ZINACANTAN,,,,
748,ZINACANTEPEC,,,,
1719,ZINACATEPEC,,,,
854,ZINAPARO,,,,
855,ZINAPECUARO,,,,
856,ZIRACUARETIRO,,,,
427,ZIRANDARO,,,,
857,ZITACUARO,,,,
428,ZITLALA,,,,
2159,ZONGOLICA,,,,
1720,ZONGOZOTLA,,,,
2160,ZONTECOMATLAN DE LOPEZ Y FUENTES,,,,
1721,ZOQUIAPAN,,,,
1722,ZOQUITLAN,,,,
2161,ZOZOCOLCO DE HIDALGO,,,,
749,ZUMPAHUACAN,,,,
750,ZUMPANGO,,,,
2325,nan,,,,
