OCUPACIO_IDX,OCUPACIO,OCUPACIO_REP,OCUPACIO_REPBY,default,times
1,EMPLEADOS,,,EMPLEADOS,174487
2,OTROS,,,EMPLEADOS,103453
3,HOGAR,,,EMPLEADOS,93061
4,ENFERMERAS,,,EMPLEADOS,74346
5,MEDICOS,,,EMPLEADOS,57409
6,OTROS TRABAJADORES DE LA SALUD,,,EMPLEADOS,49746
7,ESTUDIANTES,,,EMPLEADOS,36562
8,OTROS PROFESIONISTAS,,,EMPLEADOS,28821
9,JUBILADO / PENSIONADO,,,EMPLEADOS,27742
10,DESEMPLEADOS,,,EMPLEADOS,26937
11,COMERCIANTES DE MERCADOS FIJOS O AMBULANTES,,,EMPLEADOS,23528
12,OBREROS,,,EMPLEADOS,14627
13,CHOFERES,,,EMPLEADOS,11793
14,MAESTROS,,,EMPLEADOS,8052
15,CAMPESINOS,,,EMPLEADOS,7078
16,LABORATORISTAS,,,EMPLEADOS,4039
17,GERENTES O PROPIETARIOS DE EMPRESAS O NEGOCIOS,,,EMPLEADOS,3450
18,DENTISTAS,,,EMPLEADOS,1929
