﻿PAISORI_IDX,PAISORI,PAISORI_REP,PAISORI_REPBY,default,times
1,AFGHANISTAN,GRAN BRETANA (REINO UNIDO),REINO UNIDO,MEXICO,520272
2,ALBANIA,REPUBLICA DE HONDURAS,HONDURAS,,222773
3,ALEMANIA,REPUBLICA DE COSTA RICA,COSTA RICA,,1013
4,ANDORRA,REPUBLICA DE PANAMA,PANAMA,,369
5,ANGOLA,COMMONWEALTH DE DOMINICA,DOMINICA,,306
6,ANGUILA,REPUBLICA DE COREA,COREA DEL SUR,,293
7,ANTARTIDA,HOLANDA,PAISES BAJOS,,197
8,ANTIGUA Y BARBUDA,REPUBLICA DE MAURICIO,MAURICIO,,195
9,ARABIA SAUDITA,ZIMBABWE,ZIMBABUE,,118
10,ARGELIA,REPUBLICA DE ANGOLA,ANGOLA,,106
11,ARGENTINA,REPUBLICA ORIENTAL DEL URUGUAY,URUGUAY,,105
12,ARMENIA,PRINCIPADO DE MONACO,MONACO,,96
13,ARUBA,REPUBLICA CHECA Y REPUBLICA ESLOVACA,REPUBLICA CHECA,,89
14,AUSTRALIA,REPUBLICA DE GUYANA,GUYANA,,89
15,AUSTRIA,NUEVA ZELANDIA,NUEVA ZELANDA,,84
16,AZERBAIYAN,REPUBLICA DEL CONGO,CONGO,,84
17,BELGICA,GUYANA FRANCESA,GUAYANA FRANCESA,,83
18,BAHAMAS,AZERBAIYAN - ISLAS AZORES,AZERBAIYAN,,82
19,BAHREIN,AFGANISTAN,AFGHANISTAN,,73
20,BANGLADESH,REINO DE SWAZILANDIA,SWAZILANDIA,,65
21,BARBADOS,REPUBLICA DEMOCRATICA DE COREA,COREA DEL NORTE,,49
22,BELICE,CONGO,REPUBLICA DEL CONGO,,42
23,BENIN,REPUBLICA DE TRINIDAD Y TOBAGO,TRINIDAD Y TOBAGO,,37
24,BHUTAN,THAILANDIA,TAILANDIA,,34
25,BIELORRUSIA,ESTADO LIBRE ASOCIADO DE PUERTO RICO,PUERTO RICO,,29
26,BIRMANIA,TERRITORIO BRITANICO EN EL OCEANO INDICO,TERRITORIO BRITANICO DEL OCEANO INDICO,,27
27,BOLIVIA,YEMEN DEMOCRATICA,YEMEN,,27
28,BOSNIA Y HERZEGOVINA,,,,24
29,BOTSUANA,,,,18
30,BRASIL,,,,17
31,BRUNEI,,,,15
32,BULGARIA,,,,13
33,BURKINA FASO,,,,13
34,BURUNDI,,,,13
35,CABO VERDE,,,,13
36,CAMBOYA,,,,10
37,CAMERUN,,,,10
38,CANADA,,,,9
39,CHAD,,,,7
40,CHILE,,,,7
41,CHINA,,,,6
42,CHIPRE,,,,6
43,CIUDAD DEL VATICANO,,,,6
44,COLOMBIA,,,,6
45,COMORAS,,,,5
46,REPUBLICA DEL CONGO,,,,5
47,REPUBLICA DEMOCRATICA DEL CONGO,,,,5
48,COREA DEL NORTE,,,,4
49,COREA DEL SUR,,,,4
50,COSTA DE MARFIL,,,,4
51,COSTA RICA,,,,4
52,CROACIA,,,,4
53,CUBA,,,,4
54,CURAZAO,,,,4
55,DINAMARCA,,,,4
56,DOMINICA,,,,4
57,ECUADOR,,,,3
58,EGIPTO,,,,3
59,EL SALVADOR,,,,3
60,EMIRATOS ARABES UNIDOS,,,,3
61,ERITREA,,,,3
62,ESLOVAQUIA,,,,3
63,ESLOVENIA,,,,3
64,ESPANA,,,,3
65,ESTADOS UNIDOS DE AMERICA,,,,2
66,ESTONIA,,,,2
67,ETIOPIA,,,,2
68,FILIPINAS,,,,2
69,FINLANDIA,,,,2
70,FIYI,,,,2
71,FRANCIA,,,,2
72,GABON,,,,2
73,GAMBIA,,,,2
74,GEORGIA,,,,2
75,GHANA,,,,1
76,GIBRALTAR,,,,1
77,GRANADA,,,,1
78,GRECIA,,,,1
79,GROENLANDIA,,,,1
80,GUADALUPE,,,,1
81,GUAM,,,,1
82,GUATEMALA,,,,1
83,GUAYANA FRANCESA,,,,1
84,GUERNSEY,,,,1
85,GUINEA,,,,1
86,GUINEA ECUATORIAL,,,,1
87,GUINEA-BISSAU,,,,1
88,GUYANA,,,,1
89,HAITI,,,,1
90,HONDURAS,,,,1
91,HONG KONG,,,,1
92,HUNGRIA,,,,1
93,INDIA,,,,1
94,INDONESIA,,,,1
95,IRAN,,,,1
96,IRAK,,,,1
97,IRLANDA,,,,1
98,ISLA BOUVET,,,,1
99,ISLA DE MAN,,,,1
100,ISLA DE NAVIDAD,,,,1
101,ISLA NORFOLK,,,,1
102,ISLANDIA,,,,1
103,ISLAS BERMUDAS,,,,1
104,ISLAS CAIMAN,,,,1
105,ISLAS COCOS (KEELING),,,,1
106,ISLAS COOK,,,,1
107,ISLAS DE ALAND,,,,1
108,ISLAS FEROE,,,,1
109,ISLAS GEORGIAS DEL SUR Y SANDWICH DEL SUR,,,,1
110,ISLAS HEARD Y MCDONALD,,,,
111,ISLAS MALDIVAS,,,,
112,ISLAS MALVINAS,,,,
113,ISLAS MARIANAS DEL NORTE,,,,
114,ISLAS MARSHALL,,,,
115,ISLAS PITCAIRN,,,,
116,ISLAS SALOMON,,,,
117,ISLAS TURCAS Y CAICOS,,,,
118,ISLAS ULTRAMARINAS MENORES DE ESTADOS UNIDOS,,,,
119,ISLAS VIRGENES BRITANICAS,,,,
120,ISLAS VIRGENES DE ESTADOS UNIDOS DE AMERICA,,,,
121,ISRAEL,,,,
122,ITALIA,,,,
123,JAMAICA,,,,
124,JAPON,,,,
125,JERSEY,,,,
126,JORDANIA,,,,
127,KAZAJISTAN,,,,
128,KENIA,,,,
129,KIRGUISTAN,,,,
130,KIRIBATI,,,,
131,KUWAIT,,,,
132,LIBANO,,,,
133,LAOS,,,,
134,LESOTO,,,,
135,LETONIA,,,,
136,LIBERIA,,,,
137,LIBIA,,,,
138,LIECHTENSTEIN,,,,
139,LITUANIA,,,,
140,LUXEMBURGO,,,,
141,MEXICO,,,,
142,MONACO,,,,
143,MACAO,,,,
144,MACEDONIA,,,,
145,MADAGASCAR,,,,
146,MALASIA,,,,
147,MALAWI,,,,
148,MALI,,,,
149,MALTA,,,,
150,MARRUECOS,,,,
151,MARTINICA,,,,
152,MAURICIO,,,,
153,MAURITANIA,,,,
154,MAYOTTE,,,,
155,MICRONESIA,,,,
156,MOLDAVIA,,,,
157,MONGOLIA,,,,
158,MONTENEGRO,,,,
159,MONTSERRAT,,,,
160,MOZAMBIQUE,,,,
161,NAMIBIA,,,,
162,NAURU,,,,
163,NEPAL,,,,
164,NICARAGUA,,,,
165,NIGER,,,,
166,NIGERIA,,,,
167,NIUE,,,,
168,NORUEGA,,,,
169,NUEVA CALEDONIA,,,,
170,NUEVA ZELANDA,,,,
171,OMAN,,,,
172,PAISES BAJOS,,,,
173,PAKISTAN,,,,
174,PALAU,,,,
175,PALESTINA,,,,
176,PANAMA,,,,
177,PAPUA NUEVA GUINEA,,,,
178,PARAGUAY,,,,
179,PERU,,,,
180,POLINESIA FRANCESA,,,,
181,POLONIA,,,,
182,PORTUGAL,,,,
183,PUERTO RICO,,,,
184,QATAR,,,,
185,REINO UNIDO,,,,
186,REPUBLICA CENTROAFRICANA,,,,
187,REPUBLICA CHECA,,,,
188,REPUBLICA DOMINICANA,,,,
189,REPUBLICA DE SUDAN DEL SUR,,,,
190,REUNION,,,,
191,RUANDA,,,,
192,RUMANIA,,,,
193,RUSIA,,,,
194,SAHARA OCCIDENTAL,,,,
195,SAMOA,,,,
196,SAMOA AMERICANA,,,,
197,SAN BARTOLOME,,,,
198,SAN CRISTOBAL Y NIEVES,,,,
199,SAN MARINO,,,,
200,SAN MARTIN (FRANCIA),,,,
201,SAN PEDRO Y MIQUELON,,,,
202,SAN VICENTE Y LAS GRANADINAS,,,,
203,SANTA ELENA,,,,
204,SANTA LUCIA,,,,
205,SANTO TOME Y PRINCIPE,,,,
206,SENEGAL,,,,
207,SERBIA,,,,
208,SEYCHELLES,,,,
209,SIERRA LEONA,,,,
210,SINGAPUR,,,,
211,SINT MAARTEN,,,,
212,SIRIA,,,,
213,SOMALIA,,,,
214,SRI LANKA,,,,
215,SUDAFRICA,,,,
216,SUDAN,,,,
217,SUECIA,,,,
218,SUIZA,,,,
219,SURINAM,,,,
220,SVALBARD Y JAN MAYEN,,,,
221,SWAZILANDIA,,,,
222,TAYIKISTAN,,,,
223,TAILANDIA,,,,
224,TAIWAN,,,,
225,TANZANIA,,,,
226,TERRITORIO BRITANICO DEL OCEANO INDICO,,,,
227,TERRITORIOS AUSTRALES Y ANTARTICAS FRANCESES,,,,
228,TIMOR ORIENTAL,,,,
229,TOGO,,,,
230,TOKELAU,,,,
231,TONGA,,,,
232,TRINIDAD Y TOBAGO,,,,
233,TUNEZ,,,,
234,TURKMENISTAN,,,,
235,TURQUIA,,,,
236,TUVALU,,,,
237,UCRANIA,,,,
238,UGANDA,,,,
239,URUGUAY,,,,
240,UZBEKISTAN,,,,
241,VANUATU,,,,
242,VENEZUELA,,,,
243,VIETNAM,,,,
244,WALLIS Y FUTUNA,,,,
245,YEMEN,,,,
246,YIBUTI,,,,
247,ZAMBIA,,,,
248,ZIMBABUE,,,,
249,OTRO,,,,
250,nan,,,,
251,SE DESCONOCE,,,,
252,ZONA NEUTRAL,,,,
253,ARCHIPIELAGO DE SVALBARD,,,,
254,ASCENSION,,,,
255,TRIESTE,,,,
256,MADEIRA,,,,
257,PATAU,,,,
