﻿RESDEFIN_IDX,RESDEFIN,RESDEFIN_REP,RESDEFIN_REPBY,default,times
1,NEGATIVO,SARS-COV-2,SARS-CoV-2,NEGATIVO,352084
2,SARS-CoV-2,SARS-COV,SARS-CoV-2,,299750
3,RECHAZADA,,,,74563
4,NO RECIBIDA,,,,9503
5,NO ADECUADO,,,,6125
6,B,,,,2924
7,INF AH1N1 PMD,,,,781
8,ENTEROV//RHINOVIRUS,,,,633
9,A H3,,,,174
10,NO SUBTIPIFICADO,,,,142
11,INF A,,,,109
12,METAPNEUMOVIRUS,,,,68
13,CORONA NL63,,,,50
14,NO AMPLIFICO,,,,29
15,VSR,,,,24
16,BOCAVIRUS,,,,21
17,CORONA 229E,,,,13
18,ADENOVIRUS,,,,13
19,CORONA HKU1,,,,9
20,CORONA OC43,,,,9
21,PARAINFLUENZA 3,,,,9
22,PARAINFLUENZA 4,,,,7
23,VIRUS SINCICIAL RESPIRATORIO,,,,6
24,VSR A,,,,3
25,PARAINFLUENZA 2,,,,3
26,PARAINFLUENZA 1,,,,2
27,CORONA SARS,,,,2
28,VIRUS SINCICIAL RESPIRATORIO B,,,,2
29,A H1,,,,1
30,nan,,,,
31,H1,,,,
32,SIN CELULAS,,,,
33,SIN AISLAMIENTO,,,,
34,VSR B,,,,
